1,REUBEN AVENUE
2,WEAVER LANE
3,CARLTON COURT
4,PROSPECT ROAD
5,ELM MOUNT LAWN
6,AUNGIER STREET
7,GROVE PARK DRIVE
8,RIVERSIDE GROVE
9,BACK LANE
10,FAIRFIELD ROAD
11,FOUNTAIN PLACE
12,O'DONOGHUE STREET
13,OAKLEY ROAD
14,VENTRY DRIVE
15,CLOISTER COURT
16,SEVILLE PLACE
17,DORSET LANE
18,BARRY PARK
19,GRAND CANAL BANK
20,MC AULEY AVENUE
21,SHERIFF STREET UPPER
22,LYNCH'S LANE
23,MARKET STREET SOUTH
24,FOXFIELD PARK
25,WOODLAWN GROVE
26,MAXWELL COURT
27,PINEWOOD GROVE
28,FINGAL STREET
29,WOODBINE PARK
30,SHEA'S COURT
31,KILSHANE COURT
32,HOLYWELL CRESCENT
33,GLENAVY PARK
34,BALLYBOUGH COTTAGES
35,CARRAROE AVENUE
36,GLASNAMANA PLACE
37,AUBURN ROAD
38,PEARSE GROVE
39,IRVINE COTTAGES
40,CHERRY ORCHARD AVENUE
41,MAXWELL ROAD
42,CARLISLE AVENUE
43,GULISTAN PLACE
44,OAKLEY PARK
45,SAINT VINCENT STREET WEST
46,HARDIMAN ROAD
47,CEDAR PARK
48,GLIN AVENUE
49,MILLROSE ESTATE
50,SARSFIELD QUAY
51,FERRYCARRIG DRIVE
52,GROVE ROAD
53,COPPER ALLEY
54,SHANDON MILL
55,KEMPTON PARK
56,THE ISLAND
57,GRIFFITH HEIGHTS
58,JOHNSON'S PLACE
59,MANOR VILLAS
60,GLOUCESTER PLACE UPPER
61,MELLOWES CRESCENT
62,WALSH ROAD
63,THE GREEN
64,MERRION SQUARE EAST
65,BELMAYNE PARK EAST
66,GEORGE'S HILL
67,SEABURY
68,GATEWAY PLACE
69,SHIP STREET LITTLE
70,HEALTHFIELD ROAD
71,KILLARNEY AVENUE
72,GILFORD DRIVE
73,SAINT AUDOENS ARCH
74,FATHER MATHEW BRIDGE
75,SAINT CATHERINE'S LANE WEST
76,TOLKA COTTAGES
77,LISCANNOR ROAD
78,MEETING HOUSE SQUARE
79,AIRFIELD COURT
80,ROCKMEADE COURT
81,RAVENSDALE PARK
82,BEACH ROAD
83,CROW STREET
84,HOLLYBROOK ROAD
85,RYANS COTTAGES
86,SHERRARD COURT
87,STEEVEN'S LANE
88,CURRACLOE DRIVE
89,MOUNT ARGUS COURT
90,PORTOBELLO SQUARE
91,FONTENOY STREET
92,MACROOM ROAD
93,PINE ROAD
94,HOLLYBROOK GROVE
95,MOATVIEW DRIVE
96,GRATTAN PARADE
97,VERGEMOUNT HALL
98,WHARTON TERRACE
99,LONGDALE TERRACE
100,ARDMORE DRIVE
101,BARROW STREET
102,CHERRYMOUNT PARK
103,MARROWBONE LANE CLOSE
104,ORIEL STREET UPPER
105,OAKLANDS PARK
106,ARDMORE PARK
107,PALMERSTON ROAD
108,BLACKHEATH DRIVE
109,BATH AVENUE
110,SEAN MAC DERMOTT STREET LOWER
111,STRAND STREET
112,RAMLEH CLOSE
113,BELLA PLACE
114,HAZELWOOD DRIVE
115,SAINT TERESA PLACE
116,WALNUT LAWN
117,BALLYFERMOT ROAD
118,MOUNT PROSPECT GROVE
119,SIMMONS PLACE
120,POPLAR ROW
121,REHOBOTH AVENUE
122,BELLEVILLE
123,CEDARWOOD AVENUE
124,CUMBERLAND STREET SOUTH
125,SUNDRIVE PARK
126,ANNAMOE PARADE
127,BROWN STREET NORTH
128,GRAND CANAL VIEW
129,O'BRIEN'S PLACE
130,NORFOLK ROAD
131,STRAND STREET LITTLE
132,CLONSHAUGH RISE
133,GRANGE ABBEY DRIVE
134,BUNRATTY ROAD
135,SPIRE VIEW
136,BURLEIGH COURT
137,OAKLANDS CRESCENT
138,ALBERT PLACE EAST
139,ESPOSITO ROAD
140,REILLY'S AVENUE
141,MAIN STREET
142,WINETAVERN STREET
143,WINDMILL AVENUE
144,INCHICORE TERRACE NORTH
145,SAINT ITA'S ROAD
146,KEARNS COURT
147,BALLS LANE
148,SERPENTINE AVENUE
149,CASTLETIMON ROAD
150,MERCHANTS ROAD
151,SEAFIELD CLOSE
152,CHAPEL AVENUE
153,HERBERT PARK LANE
154,VICTORIA VILLAGE
155,CARLINGFORD PARADE
156,AILESBURY DRIVE
157,DROMAWLING ROAD
158,TONLEGEE ROAD
159,BRITAIN QUAY
160,PRICES LANE
161,CLONMORE ROAD
162,MERRION SQUARE SOUTH
163,ARRAN ROAD
164,ASHDALE ROAD
165,SAINT ANNE'S AVENUE
166,CLARE STREET
167,GRACEFIELD ROAD
168,SAINT ANDREW LANE
169,CHARLEMONT ROAD
170,SALLYMOUNT GARDENS
171,SPENCER STREET NORTH
172,MOUNTPLEASANT PARADE
173,THOMAS LANE
174,CARMAN'S HALL
175,LONG LANE CLOSE
176,BLYTHE AVENUE
177,JAMES STREET NORTH
178,HATCH PLACE
179,DALYMOUNT PARK LANE
180,PARK LANE
181,STRAND LANE
182,BRIGHTON GARDENS
183,KILBARRON AVENUE
184,SWIFT'S ROW
185,BELMONT PLACE
186,CASEMENT CLOSE
187,BALLSBRIDGE AVENUE
188,BLUEBELL AVENUE
189,BRACKEN'S LANE
190,SOUTH CIRCULAR ROAD
191,DAVID ROAD
192,GRACE PARK COURT
193,GLASAREE ROAD
194,GREENWICH COURT
195,LISSADEL AVENUE
196,RAHEEN PARK
197,BARRY ROAD
198,CLONLIFFE ROAD
199,DEANSTOWN GREEN
200,HYACINTH STREET
201,LANSDOWNE LANE
202,CLONLIFFE AVENUE
203,WHITETHORN CRESCENT
204,LEESON PLACE
205,ANNE'S LANE
206,MILLBROOK TERRACE
207,NORTHLAND GROVE
208,SANDYHILL GARDENS
209,SANDYMOUNT ROAD
210,STRANDVILLE AVENUE EAST
211,LIMEWOOD ROAD
212,NEWTOWN COURT
213,LITTLE FITZWILLIAM PLACE
214,CHANCEL MEWS
215,EKLAD CLOSE
216,RING STREET
217,VERNON RISE
218,SHELMALIER ROAD
219,BALLYGALL ROAD WEST
220,SWANVILLE PLACE
221,TEMPLEOGUE ROAD
222,CUFFE STREET
223,EDENMORE DRIVE
224,WESLEY PLACE
225,PRINCE OF WALES TERRACE
226,CLAREMONT ROAD
227,PLEASANTS PLACE
228,BULFIN ROAD
229,MOUNT ARGUS CRESCENT
230,PARTRIDGE TERRACE
231,SEAVIEW AVENUE
232,CLONSHAUGH COURT
233,MERCER STREET UPPER
234,GLENARRIFF ROAD
235,RIBH ROAD
236,FERNDALE ROAD
237,DARTMOUTH ROAD
238,WILLIAM STREET NORTH
239,HATCH LANE
240,WOODBANK AVENUE
241,GRATTAN WOOD
242,FITZWILLIAM STREET UPPER
243,BURKE PLACE
244,FOWNES STREET UPPER
245,SIGURD ROAD
246,SANDFORD PARK
247,RICHMOND VILLAS
248,PATRICK STREET
249,DANE ROAD
250,BEECHLAWN WAY
251,SILLOGE WAY
252,DARTRY PARK
253,GRANTS ROW
254,QUINNS LANE
255,SAINT CLEMENTS ROAD
256,SUSSEX ROAD
257,EMERALD COTTAGES
258,GRACE PARK MEADOWS
259,BULFIN GARDENS
260,BRITAIN PLACE
261,WOODVILLE ROAD
262,BARNVILLE PARK
263,DERRYNANE GARDENS
264,MOUNTPLEASANT TERRACE
265,CHARLOTTE WAY
266,KILLARY GROVE
267,DE VALERA PLACE
268,TONLEGEE DRIVE
269,TOLL BRIDGE ROAD
270,NORTHBROOK LANE
271,TEMPLE VIEW VALE
272,SHANTALLA AVENUE
273,ENAVILLE AVENUE
274,BORRIS COURT
275,TERENURE PARK
276,MARLBOROUGH ROAD
277,SHELMARTIN TERRACE
278,BLESSINGTON PLACE
279,ARMSTRONG STREET
280,SHANDON GREEN
281,SAINT MICHAELS PLACE
282,DAWSON COURT
283,FINDLATER STREET
284,GORDON PLACE
285,LOMOND AVENUE
286,GLENAULIN PARK
287,MOERAN ROAD
288,MOREHAMPTON TERRACE
289,MILLTOWN ROAD
290,CLONSHAUGH DRIVE
291,RUTLEDGE COTTAGES
292,AUBURN WALK
293,WOODBINE ROAD
294,MOATVIEW COURT
295,MOUNT DRUMMOND AVENUE
296,ARRAN QUAY
297,COSTELLO'S COTTAGES
298,SAINT ASSAM'S AVENUE
299,CLANREE ROAD
300,BROOKWOOD ROAD
301,CLONSHAUGH PARK
302,GRANITE PLACE
303,ORMOND QUAY LOWER
304,NEWBRIDGE AVENUE
305,PEMBROKE PARK
306,FRANCIS STREET
307,PORTOBELLO ROAD
308,BRAINBORO TERRACE
309,HOSPITAL LANE
310,MONTROSE PARK
311,BEAU PARK PLACE
312,BLACKHALL PLACE
313,BESSBOROUGH PARADE
314,FADE STREET
315,PINEBROOK AVENUE
316,WHITETHORN ROAD
317,WHITWORTH TERRACE
318,FOXFIELD GROVE
319,GRANGEMORE DRIVE
320,SACKVILLE GARDENS
321,CAMERON SQUARE
322,SAINT JOHN'S AVENUE
323,ALDBOROUGH PARADE
324,CLONSHAUGH CRESCENT
325,CHAPELIZOD COURT
326,CLONLARA ROAD
327,HAMMOND STREET
328,MEATH MARKET
329,SAINT PATRICK'S AVENUE
330,ALFIE BYRNE ROAD
331,LE BROCQUY AVENUE
332,CARBERRY ROAD
333,DEAN SWIFT GREEN
334,CECILIA STREET
335,BARROW ROAD
336,FORTFIELD TERRACE
337,HAZELCROFT ROAD
338,MOORE STREET
339,CHERRY ORCHARD DRIVE
340,BARRY AVENUE
341,SAINT NICHOLAS PLACE
342,LESLIE'S BUILDINGS
343,SERPENTINE ROAD
344,ALDBOROUGH PLACE
345,FOXFIELD CRESCENT
346,NEWBURY DRIVE
347,BELMONT PARK
348,ROYSE ROAD
349,MOLYNEUX YARD
350,FLEMING ROAD
351,CARRIGALLEN ROAD
352,GORTMORE AVENUE
353,MERRION PLACE
354,ELMFIELD COURT
355,MILITARY ROAD
356,RATHBORNE WAY
357,HOLLES ROW
358,PARK LANE EAST
359,GLASNEVIN COURT
360,BATH AVENUE PLACE
361,BIGGER ROAD
362,CLADDAGH GREEN
363,CLONROSSE COURT
364,KINCORA PARK
365,SAUL ROAD
366,SALLOWOOD VIEW
367,MAY LANE
368,COLLINS PARK
369,BEAUMONT CRESCENT
370,NEWBRIDGE MEWS
371,ORMOND QUAY UPPER
372,ADELAIDE COURT
373,MERTON ROAD
374,GALTYMORE PARK
375,RATHDOWN ROAD
376,KILDARE ROAD
377,KYLEMORE AVENUE
378,MC AULEY PARK
379,COOLRUA DRIVE
380,GORDON STREET
381,NORE ROAD
382,PERCY LANE
383,STANFORD GREEN
384,LEIN GARDENS
385,RICHMOND LANE
386,ROWSERSTOWN LANE
387,HOTEL YARD
388,NEWBURY PARK
389,PARK CRESCENT
390,MONTAGUE COURT
391,PALACE STREET
392,RICHMOND PLACE
393,DALCASSIAN DOWNS
394,GRATTAN CRESCENT
395,ARNOTT STREET
396,ORCHARD LANE
397,DOLLYMOUNT PARK
398,MELLOWES AVENUE
399,SAINT DAVID'S PARK
400,THE RISE
401,EGLINTON WOOD
402,MOATFIELD AVENUE
403,ELMFIELD WAY
404,DROMARD ROAD
405,KINCORA DRIVE
406,RUTLAND COURT
407,WARRENMOUNT PLACE
408,DEANSTOWN AVENUE
409,ENNAFORT PARK
410,SPENCER STREET SOUTH
411,NORTHUMBERLAND COURT
412,MOUNT BROWN
413,MC AULEY DRIVE
414,SAINT EITHNE ROAD
415,OLNEY CRESCENT
416,ELMWOOD AVENUE UPPER
417,BEAUMONT WOODS
418,WATERLOO ROAD
419,CAMBRIDGE ROAD
420,GRANGEMORE LAWN
421,OLD NAAS ROAD
422,SAINT MARY'S PLACE NORTH
423,BANTRY ROAD
424,DONORE TERRACE
425,SIR JOHN ROGERSON'S QUAY
426,GRANBY ROW
427,LUKE KELLY BRIDGE
428,ABERDEEN STREET
429,LORETO ROAD
430,CORNMARKET
431,ERNE STREET UPPER
432,DOLPHIN AVENUE
433,MILLMOUNT AVENUE
434,AMIENS STREET
435,DARTMOUTH SQUARE EAST
436,WOODLAWN CLOSE
437,COMYN PLACE
438,COPELAND AVENUE
439,CLYDE LANE
440,LISMORE ROAD
441,PIMLICO
442,SHELBOURNE LANE
443,BLOOMFIELD AVENUE
444,BROADSTONE
445,GRAHAM'S COURT
446,BRIGHTON SQUARE SOUTH
447,BALLYGALL CRESCENT
448,WOODFIELD PLACE
449,NEW ROW SOUTH
450,WOODLAWN DRIVE
451,RATHGAR ROAD
452,COKE LANE
453,AUBURN VILLAS
454,CARDIFF LANE
455,DARNDALE ESTATE ROAD NO. 11
456,LAMBOURNE VILLAGE
457,GREENMOUNT COURT
458,KILLESTER AVENUE
459,STONEY ROAD
460,TARA STREET
461,FRANKFORT AVENUE
462,ALBERT COLLEGE DRIVE
463,KILMORE CRESCENT
464,ROSTREVOR TERRACE
465,LISLE ROAD
466,SAINT BRIGID'S LAWN
467,WESTMORELAND PARK
468,DARNDALE ESTATE ROAD NO. 05
469,FAIRFIELD AVENUE
470,SAINT BRIGID'S ROAD LOWER
471,SHANARD ROAD
472,FITZWILLIAM SQUARE NORTH
473,EATON SQUARE
474,ROSSMORE AVENUE
475,NEWBROOK AVENUE
476,SCRIBBLESTOWN GREEN
477,CHURCHILL TERRACE
478,STEPHEN STREET UPPER
479,CHERRY COURT
480,BALCURRIS PARK EAST
481,BARNAMORE CRESCENT
482,CUSTOM HOUSE QUAY
483,GILFORD PARK
484,FOYLE ROAD
485,THE LAWNS
486,SWAN GROVE
487,MASK DRIVE
488,EUSTACE BRIDGE
489,MEMORIAL ROAD
490,SHANOWEN GROVE
491,ADELAIDE ROAD
492,GARVILLE LANE
493,SAINT PETERS ROAD
494,SAINT AGNES PARK
495,CLARENDON STREET
496,TEMPLE VIEW AVENUE
497,ADDISON ROAD
498,BALBUTCHER LANE
499,MERTON AVENUE
500,MAGENTA HALL
501,SAMPSONS LANE
502,STILES COURT
503,GREENMOUNT LAWNS
504,SAINT JOSEPH'S AVENUE
505,FITZWILLIAM COURT
506,CLARENCE STREET GREAT NORTH
507,LEESON LANE
508,MELROSE AVENUE
509,RATHDOWN AVENUE
510,SANTRY VILLAS
511,GROSVENOR COURT
512,STRASBURG TERRACE
513,CLAREMONT DRIVE
514,SAINT ALPHONSUS AVENUE
515,SOUTH DOCK STREET
516,WINDSOR TERRACE
517,AVONDALE AVENUE
518,STANNAWAY COURT
519,THE WILLOWS
520,BRENDAN ROAD
521,CRANMER LANE
522,EDENMORE CRESCENT
523,HEALY STREET
524,RUSSELL AVENUE EAST
525,CEDARWOOD GROVE
526,SAINT MICHAN'S STREET
527,BREMEN GROVE
528,ASHINGTON CRESCENT
529,ASHINGTON AVENUE
530,BROOKFIELD ROAD
531,GLASNEVIN DRIVE
532,NORTH CIRCULAR ROAD
533,GREENLEA DRIVE
534,TOLKA VALLEY ROAD
535,WILFIELD ROAD
536,AILESBURY LANE
537,ECHLIN STREET
538,TEMPLE COTTAGES
539,ARDEE ROAD
540,ARDEE STREET
541,LOMBARD COURT
542,JERVIS LANE LOWER
543,LORCAN ROAD
544,ARRAN STREET WEST
545,NEWTOWN WAY
546,CAPPAGH AVENUE
547,CRAMPTON AVENUE
548,SAINT DONAGH'S CRESCENT
549,GALTYMORE ROAD
550,CASTLE TERRACE
551,SUMMER STREET NORTH
552,WILLOW PARK ROAD
553,CLIFDEN DRIVE
554,CHELSEA GARDENS
555,CAMPBELL'S COURT
556,CHAMPIONS AVENUE
557,BERESFORD LANE
558,ARRANMORE AVENUE
559,BRIDE ROAD
560,SANDFORD CLOSE
561,CRANOGUE CLOSE
562,SAINT LAURENCE GLEN
563,BANVILLE AVENUE
564,BRICKFIELD DRIVE
565,MANOR DRIVE
566,WARD'S HILL
567,BRABAZON SQUARE
568,MANDERS TERRACE
569,NORTH STRAND ROAD
570,KENILWORTH SQUARE WEST
571,MC KELVEY AVENUE
572,WATERLOO AVENUE
573,EKLAD PARK
574,MADISON ROAD
575,FAIRFIELD COURT
576,DECIES ROAD
577,CRESCENT GARDENS
578,GLENARD AVENUE
579,MAXWELL STREET
580,GREENWOOD DRIVE
581,PORTLAND CLOSE
582,DONORE ROAD
583,JOSEPHINE AVENUE
584,LIMEKILN LANE
585,THORNCASTLE STREET
586,CLARENCE MANGAN SQUARE
587,MARMION COURT
588,ROSS STREET
589,O'DALY ROAD
590,STONEYBATTER
591,ARBOUR TERRACE
592,GREENWOOD WAY
593,CHARLEMONT
594,THE ORCHARD
595,LINCOLN PLACE
596,CHURCH ROAD
597,HOLLES STREET
598,AIDEEN PLACE
599,DROMLEE CRESCENT
600,KILDONAN ROAD
601,RANELAGH AVENUE
602,KIMMAGE COURT
603,SHANTALLA DRIVE
604,BELLEVUE PARK INDUSTRIAL ESTATE
605,CHESTNUT COURT
606,KEMPTON VIEW
607,SAINT MARGARET'S TERRACE
608,MAGENTA CRESCENT
609,WINDSOR LANE
610,CRUMLIN ROAD
611,BRIDE STREET NEW
612,GLENMALURE PARK
613,DOLPHIN COURT
614,CURZON STREET
615,MELLOWES BRIDGE
616,ERNE STREET LOWER
617,ASHFIELD PARK
618,BROOKWOOD LAWN
619,EGLINTON ROAD
620,FERNDALE AVENUE
621,DONARD ROAD
622,GULISTAN TERRACE
623,MARIGOLD AVENUE
624,GOLDSMITH STREET
625,CLAREVILLE ROAD
626,LARCH GROVE
627,MURRAY COTTAGES
628,BERKELEY ROAD
629,ROBERT STREET
630,RAILWAY COTTAGES
631,SAINT MOBHI BOITHIRIN
632,ANNADALE AVENUE
633,CURVED STREET
634,MAYWOOD CLOSE
635,GILFORD AVENUE
636,PHILIPSBURGH TERRACE
637,LAD LANE
638,WATERMILL AVENUE
639,CASTLETIMON GREEN
640,RICHMOND STREET NORTH
641,BEECHLAWN AVENUE
642,SAINT ANDREW STREET
643,LEICESTER COURT
644,ABBEY STREET MIDDLE
645,EDEN TERRACE
646,GRAND CANAL PLACE
647,KINGSLAND PARADE
648,EDENMORE AVENUE
649,ARTANE CASTLE SERVICE ROAD
650,LAWRENCE GROVE
651,MILLBROOK AVENUE
652,SAINT BRIGID'S GROVE
653,GREAT WESTERN VILLAS
654,COPPINGER ROW
655,LONG LANE
656,THORNDALE LAWN
657,HARBOURMASTER STREET
658,HARRY STREET
659,BELGRAVE AVENUE
660,LORCAN VILLAS
661,FORTESCUE LANE
662,RICHMOND CRESCENT
663,TRITONVILLE CRESCENT
664,BELGRAVE SQUARE WEST
665,RATHMINES ROAD LOWER
666,PEMBROKE STREET
667,KENILWORTH SQUARE SOUTH
668,DEVOY ROAD
669,MYRTLE STREET
670,MANOR STREET BUSINESS PARK
671,AILESBURY WOOD
672,ESSEX QUAY
673,GRAIGUE COURT
674,BLACKHORSE GROVE
675,CREMORNE
676,DROMEEN AVENUE
677,VENETIAN HALL
678,GRAND CANAL STREET LOWER
679,SERPENTINE TERRACE
680,RAGLAN LANE
681,CATHERINE STREET
682,KINCORA AVENUE
683,MIDDLE THIRD
684,SANDYMOUNT COURT
685,SANDYMOUNT CASTLE DRIVE
686,WEST PARK DRIVE
687,BENBULBIN AVENUE
688,COW PARLOUR
689,BEACH AVENUE
690,CHURCH PARK LAWN
691,FINN STREET
692,DRUMFINN AVENUE
693,DANIELI DRIVE
694,BELVIDERE COURT
695,ROSEMOUNT ROAD
696,SANDYHILL COURT
697,WESTWOOD AVENUE
698,MADDENS COURT
699,ARDPATRICK ROAD
700,BEECH HILL COURT
701,STONE MEWS
702,GLENARM AVENUE
703,SOUTHERN CROSS AVENUE
704,SEACOURT ESTATE
705,MONTAGUE STREET
706,CLOGHER ROAD
707,MILLWOOD PARK
708,WINDMILL LANE
709,NEWBURY WOODS
710,SAINT JAMES'S TERRACE
711,COLEPARK GREEN
712,TEMPLE VIEW PLACE
713,THE CLOISTERS
714,PARKVIEW PLACE
715,MABBOT LANE
716,VIOLET HILL DRIVE
717,PLUNKETT DRIVE
718,WILFIELD
719,BLACKPITTS
720,CAMDEN STREET UPPER
721,NIALL STREET
722,EDENMORE PARK
723,ROYSTON COURT
724,HOME FARM ROAD
725,CAMDEN LOCK
726,GLASNEVIN WOODS
727,LIME STREET
728,HAVELOCK SQUARE
729,HERBERTON BRIDGE
730,CLANMAURICE ROAD
731,KILMORE ROAD
732,SOUTH DOCK ROAD
733,WARNER'S LANE
734,TEMPLE ROAD
735,YORK AVENUE
736,NORTHBROOK AVENUE
737,GATEWAY AVENUE
738,FOSTER PLACE
739,GRANGEMORE CRESCENT
740,MC AULEY ROAD
741,DARTMOUTH WALK
742,HERBERT PARK
743,SAINT DECLAN'S ROAD
744,JOHN STREET NORTH
745,RATHDOWN DRIVE
746,LANSDOWNE ROAD
747,BLACKHEATH GROVE
748,GRIFFITH ROAD
749,MILLBROOK VILLAGE
750,EATON COURT
751,ADELAIDE
752,OXMANTOWN LANE
753,ABBEY STREET LOWER
754,GLENGARRIFF CRESCENT
755,WOODHAZEL TERRACE
756,MULLINAHACK
757,CEDAR BROOK PLACE
758,VICTORIA STREET
759,CLAREMONT CLOSE
760,MOUNT OLIVE GROVE
761,MILLVIEW COTTAGES
762,HOEY PLACE
763,BRIAN ROAD
764,HARRINGTON COURT
765,MERRION STRAND
766,STANNAWAY DRIVE
767,BELCLARE DRIVE
768,LENNOX STREET
769,KENNEDY COURT
770,CROMCASTLE ROAD
771,CRESTFIELD DRIVE
772,MAYWOOD AVENUE
773,DINGLE ROAD
774,MEATH PLACE
775,ADARE GREEN
776,JAMES'S PLACE EAST
777,ENNAFORT GROVE
778,NELSON STREET
779,RUTLAND COTTAGES
780,DUNARD PARK
781,CHELTENHAM PLACE
782,KEMPTON GREEN
783,HERBERTON ROAD
784,LOVE LANE EAST
785,COWPER VILLAGE
786,RIVERSIDE ROAD
787,KENMARE PARADE
788,LENNOX PLACE
789,FATHER KITT COURT
790,ELMDALE CLOSE
791,BELCLARE LAWNS
792,ORWELL PARK
793,BUCKINGHAM STREET LOWER
794,MARTIN'S ROW
795,PARLIAMENT ROW
796,HERBERTON PARK
797,GARDEN TERRACE
798,MARTIN SAVAGE PARK
799,LISBURN STREET
800,CARAGH ROAD
801,CHURCHWELL PLACE
802,WELLMOUNT COURT
803,FERRYCARRIG PARK
804,CHARLEMONT PARADE
805,CLONSHAUGH GROVE
806,SION HILL AVENUE
807,ZION ROAD
808,NEWTOWN DRIVE
809,DARNDALE ESTATE ROAD NO. 09
810,BEECHPARK COURT
811,ASHTOWN GROVE
812,FOWNES STREET LOWER
813,GLENMALURE SQUARE
814,IVELEARY ROAD
815,HASTINGS STREET
816,ULSTER STREET
817,CLONTURK PARK
818,CHESTER ROAD
819,ALBERT COLLEGE PARK
820,CAMDEN PLACE
821,THE BELFRY
822,WICKLOW STREET
823,SHAMROCK VILLAS
824,GLASNEVIN HILL
825,VERGEMOUNT PARK
826,MALACHI PLACE
827,DOLPHIN ROAD
828,GREENWOOD WALK
829,PRIESTFIELD COTTAGES
830,HADDON ROAD
831,SOMERVILLE GREEN
832,PROSPECT WAY
833,CHAPELIZOD BY PASS
834,BALLSBRIDGE WOOD
835,GREENCASTLE PARK
836,RAFTERS ROAD
837,DARNDALE ESTATE ROAD NO. 04
838,WOOD QUAY
839,HERBERT PLACE
840,ANNESLEY BRIDGE ROAD
841,GRANGE ABBEY GROVE
842,DOMINICK STREET UPPER
843,GREENFIELD CRESCENT
844,BUSHFIELD SQUARE
845,WORMWOOD GATE
846,BELMONT VILLAS
847,BROOMBRIDGE CLOSE
848,GREENMOUNT ROAD
849,WATLING STREET
850,ALBERT COLLEGE GROVE
851,SHANGAN ROAD
852,VILLA PARK AVENUE
853,WARRINGTON LANE
854,ESSEX STREET EAST
855,NORTH GREAT GEORGE'S STREET
856,ANNADALE CRESCENT
857,MOUNTJOY SQUARE NORTH
858,BROOKLAWN
859,ALL SAINTS DRIVE
860,CORRIB ROAD
861,WOODLAWN WALK
862,FREDERICK COURT
863,LEINSTER STREET EAST
864,MARLBOROUGH LANE
865,KILLARNEY STREET
866,DANESWELL ROAD
867,BOARDMANS LANE
868,BELGRAVE SQUARE NORTH
869,ESTATE COTTAGES
870,RAHEEN DRIVE
871,O'CONNELL GARDENS
872,MERRION VIEW AVENUE
873,ELMFIELD AVENUE
874,THOMOND ROAD
875,MERCHANT SQUARE
876,BURGH QUAY
877,DARNDALE ESTATE ROAD NO. 07
878,SAINT HELENA'S ROAD
879,CASIMIR ROAD
880,SYNNOTT PLACE
881,SAINT MICHAELS TERRACE
882,AUGHRIM LANE
883,SAINT ASSAM'S DRIVE
884,RAINSFORD AVENUE
885,DRIMNAGH ROAD
886,MONTROSE CRESCENT
887,JAMES LARKIN ROAD
888,DONAGHMEDE PARK
889,MOYLE ROAD
890,TERENURE ROAD EAST
891,BAYMOUNT PARK
892,LANDEN ROAD
893,SLADEMORE AVENUE
894,CUALA ROAD
895,MONTPELIER GARDENS
896,CHANEL COURT
897,GAELIC STREET
898,CROYDON GARDENS
899,GLENHILL VILLAS
900,BUSHY PARK ROAD
901,MYRA CLOSE
902,WELLESLEY PLACE
903,ALLINGHAM STREET
904,CLARENDON MARKET
905,LISSADEL COURT
906,SAINT BENEDICT'S GARDENS
907,GLENDALOUGH ROAD
908,KYLEMORE ROAD
909,DOWTH AVENUE
910,SHAW STREET
911,MOUNT STREET LOWER
912,ALL SAINTS CLOSE
913,FERRYCARRIG GREEN
914,MOUNTJOY SQUARE SOUTH
915,DEVERY'S LANE
916,DAME LANE
917,OLIVER BOND STREET
918,CAPTAINS AVENUE
919,WOODLAWN RISE
920,CRANOGUE ROAD
921,NUTLEY PARK
922,DRUMFINN ROAD
923,CLIFTON MEWS
924,BAGGOT CLOSE
925,CHARLEMONT MALL
926,DORSET PLACE
927,LARKFIELD PARK
928,O'MOORE ROAD
929,PORTMAHON DRIVE
930,ARD RI PLACE
931,ACCOMMODATION WALK
932,KILDARE PLACE
933,LOURDES ROAD
934,SWORDS STREET
935,CHELMSFORD CLOSE
936,DELVIN ROAD
937,BRIDGE STREET UPPER
938,GURTEEN ROAD
939,KILLEEN ROAD
940,CROFTWOOD GARDENS
941,DARTMOUTH PLACE
942,HEYTESBURY LANE
943,BELMONT AVENUE
944,ELMFIELD CLOSE
945,ORMOND ROAD
946,MARIGOLD ROAD
947,OVOCA ROAD
948,NUTLEY ROAD
949,SOMERVILLE PARK
950,SAINT JOHN'S STREET
951,CHANEL AVENUE
952,FAIRWAYS GREEN
953,GRIFFITH AVENUE
954,JOHN MC CORMACK BRIDGE
955,RATHMORE PARK
956,WELLINGTON PLACE NORTH
957,LANDSDOWNE VALLEY PARK
958,THE LAWN
959,CHANEL ROAD
960,ELM ROAD
961,SCRIBBLESTOWN LANE
962,CLONSHAUGH WOODS
963,BULL ALLEY STREET
964,COLEPARK AVENUE
965,ELLENFIELD ROAD
966,PLUNKETT ROAD
967,SHAMROCK STREET
968,EARL STREET SOUTH
969,DARTMOUTH SQUARE SOUTH
970,DARNDALE ESTATE ROAD NO. 06
971,WINTON AVENUE
972,BROOKVILLE CRESCENT
973,DRAPIER GREEN
974,BANNAVILLE
975,BRIDGE STREET LOWER
976,FERRARD ROAD
977,LONGDALE WAY
978,SAINT PAPPIN'S STREET
979,SAINT BRIGID'S CLOSE
980,AUGHRIM COURT
981,ALL HALLOWS GREEN
982,BEAU PARK ROW
983,LOUGH CONN AVENUE
984,GLENDUN ROAD
985,JOHN STREET SOUTH
986,NEW IRELAND ROAD
987,AYREFIELD DRIVE
988,RICHMOND ROAD
989,GROSVENOR LODGE
990,BAGGOT LANE
991,GLENHILL AVENUE
992,KNOCK RIADA
993,PETER STREET
994,EMERALD TERRACE
995,RATHMORE VILLAS
996,COWPER ROAD
997,CARNEW STREET
998,ABBOTSTOWN ROAD
999,SUSAN TERRACE
1000,LIBERTY LANE
1001,ABERCORN TERRACE
1002,ORIEL STREET LOWER
1003,SANDWITH STREET LOWER
1004,SCHOOL AVENUE
1005,COULTRY COURT
1006,POWER'S SQUARE
1007,EDEN QUAY
1008,RATHVALE GROVE
1009,BRIGHTON SQUARE EAST
1010,LAKELANDS PARK
1011,SEAN O' CASEY BRIDGE
1012,MARYFIELD AVENUE
1013,MORNINGTON GROVE
1014,THORNHILL LANE
1015,CLONTARF PARK
1016,DOON COURT
1017,TEMPLE VIEW CLOSE
1018,CASTLE ROAD
1019,COPELAND GROVE
1020,WELLMOUNT PARK
1021,WOODVILLE COURT
1022,WATKIN'S SQUARE
1023,CEDAR BROOK AVENUE
1024,OSCAR SQUARE
1025,PREBEND STREET
1026,DESMOND STREET
1027,RING TERRACE
1028,CONVENT LAWNS
1029,SPRINGFIELD
1030,MALACHI ROAD
1031,LAVARNA ROAD
1032,RIVER WALK
1033,DRUMALEE COURT
1034,AVE MARIA ROAD
1035,SAINT DAVID'S TERRACE
1036,GOLDENBRIDGE AVENUE
1037,THE GROVE
1038,BRANAVILLA
1039,CROFTWOOD GROVE
1040,ASHINGTON RISE
1041,FARNHAM DRIVE
1042,GROSVENOR VILLAS
1043,COGGLE'S COURT
1044,ASHBROOK
1045,SANDYHILL AVENUE
1046,CRANE STREET
1047,KNOWTH COURT
1048,SAINT JOSEPHS TERRACE
1049,SUMMERHILL PARADE
1050,OLIVER PLUNKETT AVENUE
1051,VICTORIA VILLAS
1052,ELLIS COURT
1053,BISHOP STREET
1054,MOUNT ARGUS CLOSE
1055,DUNREE PARK
1056,OAKLANDS DRIVE
1057,AIRFIELD ROAD
1058,CAPTAINS ROAD
1059,ROTHE ABBEY
1060,PIGEON HOUSE ROAD
1061,GEORGES WHARF
1062,SCRIBBLESTOWN AVENUE
1063,REDMOND'S HILL
1064,VIRGINIA PARK
1065,COLLINS ROW
1066,BEECHWOOD AVENUE UPPER
1067,GLENDHU PARK
1068,DARTMOUTH LANE
1069,LAMBAY ROAD
1070,RANELAGH MEWS
1071,LARKFIELD GARDENS
1072,OLD FINGLAS ROAD
1073,EASTMORELAND PLACE
1074,POWER'S COURT
1075,BLESSINGTON LANE
1076,PARNELL SQUARE EAST
1077,USHER STREET
1078,BRIGHTON SQUARE WEST
1079,SPAFIELD TERRACE
1080,HUXLEY CRESCENT
1081,ASHTOWN LODGE
1082,CRESTFIELD AVENUE
1083,GRANGEMORE RISE
1084,CLUNE ROAD
1085,PIG LANE
1086,NORTHLAND DRIVE
1087,NORTHBROOK ROAD
1088,BYRNE'S LANE
1089,WESTLAND ROW
1090,GARDINER PLACE
1091,BEECH HILL DRIVE
1092,COOMBE COURT
1093,BALBUTCHER WAY
1094,GREENLEA GROVE
1095,NORTHUMBERLAND SQUARE
1096,LEINSTER LANE
1097,CONNOLLY AVENUE
1098,LARACOR GARDENS
1099,RAHENY COURT
1100,TERENURE PLACE
1101,DEAN SWIFT ROAD
1102,THE MEWS
1103,ELTON DRIVE
1104,DOLPHINS BARN BRIDGE
1105,CLAUDE ROAD
1106,GRIFFITH PARADE
1107,BALLYGALL PLACE
1108,RICHMOND ROW
1109,DERRYNANE PARADE
1110,NUTLEY AVENUE
1111,SANTRY WAY
1112,CASTLETIMON GARDENS
1113,FOXHILL LAWN
1114,MILLBROOK DRIVE
1115,GLENAULIN DRIVE
1116,OSCAR TRAYNOR ROAD
1117,SPRING GARDEN LANE
1118,HARMONSTOWN ROAD
1119,GRANGE ABBEY ROAD
1120,KINGSBRIDGE
1121,COWPER DOWNS
1122,ADARE ROAD
1123,BELGROVE LAWN
1124,COULTRY GARDENS
1125,FAIRVIEW
1126,FAIRLAWN ROAD
1127,THE OAKS
1128,BROOMBRIDGE ROAD
1129,BLOOM'S LANE
1130,ORIEL HALL
1131,SLIEVEBLOOM PARK
1132,DARNDALE ESTATE ROAD NO. 13
1133,FORESTWOOD AVENUE
1134,KINCORA GROVE
1135,ASHDALE GARDENS
1136,CLARE ROAD
1137,SHANID ROAD
1138,CHURCH PARK DRIVE
1139,SANDFORD AVENUE
1140,PEMBROKE ROW
1141,SPRINGDALE ROAD
1142,ARDAGH ROAD
1143,CHURCHWELL DRIVE
1144,GRIFFITH COURT
1145,CASTLEWOOD PLACE
1146,RAFTER'S AVENUE
1147,CRAWFORD AVENUE
1148,THE BEECHES
1149,THOR PLACE
1150,RAVENS COURT
1151,CLONLIFFE GARDENS
1152,SAINT LAURENCE PLACE EAST
1153,ROSECOURT WAY
1154,FOX'S LANE
1155,LINCOLN LANE
1156,GERALDINE STREET
1157,MONTROSE AVENUE
1158,PARKVIEW GROVE
1159,WILSON'S PLACE
1160,CALDERWOOD ROAD
1161,WALNUT PARK
1162,HOLYWELL AVENUE
1163,SIMMONSCOURT ROAD
1164,COMMONS STREET
1165,GREAT WESTERN SQUARE NORTH
1166,HALSTON STREET
1167,RATHMINES AVENUE COURT
1168,MAYWOOD DRIVE
1169,REHOBOTH PLACE
1170,GORTBEG ROAD
1171,HAZELBROOK ROAD
1172,OAKLANDS TERRACE
1173,SAINT STEPHENS GREEN EAST
1174,ROYSTON
1175,BRIARFIELD GROVE
1176,SECOND AVENUE
1177,HAMPTON LODGE
1178,SAINT MARGARET'S AVENUE
1179,DORIS STREET
1180,PERCY FRENCH ROAD
1181,WHITWORTH AVENUE
1182,MARY STREET
1183,STATION ROAD
1184,SWIFT'S ALLEY
1185,HARTY COURT
1186,BELGRAVE PLACE
1187,WALLACE ROAD
1188,O'HARA AVENUE
1189,CHERRY ORCHARD WAY
1190,BEAVER STREET
1191,PRIORY WEST
1192,PORTLAND SQUARE
1193,TYRRELL PLACE
1194,VENTRY ROAD
1195,NASH STREET
1196,BUSHFIELD TERRACE
1197,BUCKINGHAM STREET UPPER
1198,FIRST AVENUE
1199,BELGROVE ROAD
1200,DONAGHMEDE DRIVE
1201,FAIRVIEW STRAND
1202,MAYWOOD LAWN
1203,PETER PLACE
1204,TOLKA ESTATE ROAD
1205,GRANGE PARK DRIVE
1206,OLD KILMAINHAM
1207,INFIRMARY ROAD
1208,HOLLYWELL
1209,STEPHEN'S LANE
1210,MASK CRESCENT
1211,NEWCOMEN AVENUE
1212,SAINT JOHN'S ROAD WEST
1213,FINGLAS ROAD
1214,GRANGEMORE COURT
1215,JAMESTOWN AVENUE
1216,STRAND MEWS
1217,WOOD STREET
1218,GRIFFITH CLOSE
1219,MARYVILLE ROAD
1220,KEEPER ROAD
1221,DEAN STREET
1222,KENILWORTH SQUARE NORTH
1223,CASTLE MARKET
1224,MARINO CRESCENT
1225,WILLOW PARK DRIVE
1226,SHREWSBURY
1227,AYREFIELD GROVE
1228,SEAN MAC DERMOTT STREET UPPER
1229,MARK'S ALLEY WEST
1230,GREEN STREET
1231,HILLCREST PARK
1232,WILLOW PARK CLOSE
1233,DUNDANIEL ROAD
1234,MELVIN ROAD
1235,LOUGH CONN DRIVE
1236,VERSCHOYLE PLACE
1237,BALLSBRIDGE TERRACE
1238,COOLOCK DRIVE
1239,CASEMENT GROVE
1240,GURTEEN AVENUE
1241,KINVARA AVENUE
1242,SAINT COLUMBAS ROAD UPPER
1243,TEMPLE VIEW ROW
1244,CLANMOYLE ROAD
1245,IONA VILLAS
1246,GLASILAWN AVENUE
1247,WADELAI ROAD
1248,MELLOWES PARK
1249,WILLIAMS PARK
1250,ASHTOWN ROAD
1251,LIFFEY STREET SOUTH
1252,SAINT MARYS CRESCENT
1253,MOUNT ARGUS AVENUE
1254,DUNSINK ROAD
1255,BARRY CLOSE
1256,LINENHALL PARADE
1257,SAINT LUKE'S AVENUE
1258,CABRA DRIVE
1259,SAINT JOSEPH STREET
1260,PARKVIEW SQUARE
1261,SCHOOLHOUSE LANE EAST
1262,HEYTESBURY STREET
1263,SLADEMORE CLOSE
1264,MILL LANE
1265,PRESTON STREET
1266,RUTLAND PLACE NORTH
1267,TEMPLE VIEW RISE
1268,PINEBROOK GROVE
1269,ENNISKERRY ROAD
1270,DEANSTOWN PARK
1271,CASIMIR COURT
1272,GROVE LANE
1273,OBLATE DRIVE
1274,WEXFORD STREET
1275,COLLINS DRIVE
1276,CEDARWOOD ROAD
1277,GLENDINNING LANE
1278,KILDONAN DRIVE
1279,BLARNEY PARK
1280,STRAND STREET GREAT
1281,MARK STREET
1282,MAREWOOD DRIVE
1283,SAINT HELENA'S DRIVE
1284,LIFFEY STREET UPPER
1285,BLOOMFIELD PARK
1286,CANAL TERRACE
1287,ASHFORD PLACE
1288,CARRICK TERRACE
1289,BAGGOT STREET LOWER
1290,GORTMORE PARK
1291,DRUMCLIFFE ROAD
1292,ASHINGTON MEWS
1293,BRIDE STREET
1294,SACKVILLE PLACE
1295,TINKERS COURT
1296,CHERRYMOUNT GROVE
1297,BUNTING ROAD
1298,SCRIBBLESTOWN CLOSE
1299,LONGWOOD AVENUE
1300,SLANEY CLOSE
1301,IVAR STREET
1302,CUMBERLAND COURT
1303,WOODBANK DRIVE
1304,GLASNAMANA ROAD
1305,KIPPURE PARK
1306,AYREFIELD PARK
1307,DAME COURT
1308,HOLYCROSS COTTAGES
1309,ASDILL'S ROW
1310,RATOATH DRIVE
1311,SAINT BRICIN'S PARK
1312,THE STILES ROAD
1313,WASDALE GROVE
1314,INCHICORE SQUARE EAST
1315,TOM KELLY ROAD
1316,CARDIFF CASTLE ROAD
1317,PLUNKETT GROVE
1318,ELTON COURT
1319,SEAVIEW TERRACE
1320,BEAU PARK AVENUE
1321,PRIORSWOOD ROAD
1322,BATH AVENUE GARDENS
1323,INNS QUAY
1324,FAIRVIEW TERRACE
1325,MALAHIDE ROAD
1326,AILESBURY ROAD
1327,GRACE PARK TERRACE
1328,CLOYNE ROAD
1329,GRANITE TERRACE
1330,HARCOURT STREET
1331,LEA ROAD
1332,ELLIS QUAY
1333,MORGAN PLACE
1334,SANDFORD TERRACE
1335,GREENVILLE AVENUE
1336,FRIEL AVENUE
1337,ASHCROFT
1338,ELM MOUNT PARK
1339,BELLS LANE
1340,SCRIBBLESTOWN GROVE
1341,SARSFIELD ROAD
1342,MERTON PARK
1343,PARK VIEW WEST
1344,SUNDRIVE ROAD
1345,MERTON WALK
1346,AIRFIELD PARK
1347,CASIMIR AVENUE
1348,KEMPTON GROVE
1349,GRACEFIELD AVENUE
1350,CHAPELIZOD ROAD
1351,SACKVILLE AVENUE
1352,MOUNT ARGUS VIEW
1353,BELMAYNE PARK WEST
1354,WOOD LANE
1355,GEORGE'S LANE
1356,STANNAWAY ROAD
1357,KELLYS ROW
1358,SAINT PAPPIN GREEN
1359,PHOENIX STREET WEST
1360,FERRYCARRIG AVENUE
1361,ASHINGTON HEATH
1362,MAYWOOD ROAD
1363,VERNON PARK
1364,CHURCH TERRACE
1365,BEDFORD LANE
1366,ADAIR LANE
1367,CLARE LANE
1368,LORCAN GREEN
1369,CABRA ROAD
1370,BOTANIC ROAD
1371,COLLIERS AVENUE
1372,CLONROSSE PARK
1373,MONASTERBOICE ROAD
1374,COMERAGH ROAD
1375,IVY TERRACE
1376,SAINT VINCENT STREET NORTH
1377,GLENWOOD ROAD
1378,BERKELEY TERRACE
1379,WELLINGTON STREET LOWER
1380,LARCH HILL
1381,LAVISTA AVENUE
1382,DORSET STREET UPPER
1383,BETHESDA PLACE
1384,CREMORE ROAD
1385,KILMORE CLOSE
1386,TEMPLE VIEW DOWNS
1387,LEINSTER MARKET
1388,MAIDEN ROW
1389,DOLPHINS BARN
1390,ERNE PLACE LOWER
1391,LONG'S PLACE
1392,TALBOT STREET
1393,VALENTIA PARADE
1394,MARLBOROUGH PLACE
1395,OSWALD ROAD
1396,ROSS ROAD
1397,HERBERTON DRIVE
1398,LENNOX TERRACE
1399,RINGSEND ROAD
1400,SAINT BRENDANS TERRACE
1401,CAMBRIDGE AVENUE
1402,WEAVERS CLOSE
1403,ROSSAVEAL COURT
1404,DARTMOUTH TERRACE
1405,CRUMLIN PARK
1406,KELLS ROAD
1407,COOLOCK LANE OLD
1408,HOLLES PLACE
1409,GILBERT ROAD
1410,HOLLYBANK ROAD
1411,AUNGIER LANE
1412,HUBAND BRIDGE
1413,GARVILLE AVENUE
1414,HANOVER STREET EAST
1415,IVERAGH ROAD
1416,MARY'S LANE
1417,PETER ROW
1418,GRANGE PARK CLOSE
1419,JERVIS LANE UPPER
1420,ARDMORE CRESCENT
1421,CROFTWOOD PARK
1422,GRANGEMORE AVENUE
1423,SAINT KEVIN'S GARDENS
1424,KING STREET NORTH
1425,MC KENNY BRIDGE
1426,CLIFDEN ROAD
1427,HOGAN PLACE
1428,DANIEL STREET
1429,SEAFORT GARDENS
1430,THORNVILLE DRIVE
1431,CASEMENT DRIVE
1432,MANOR PLACE
1433,MAYOR STREET UPPER
1434,CECIL AVENUE
1435,BELVEDERE PLACE
1436,SAINT MARY'S TERRACE
1437,HARMAN STREET
1438,CREMORE HEIGHTS
1439,BARGY ROAD
1440,PROSPECT LANE
1441,MARTELLO VIEW
1442,WILLOW MEWS
1443,BALLYBOUGH ROAD
1444,LONGFORD STREET GREAT
1445,BARRY GREEN
1446,CLONSHAUGH WALK
1447,STANNAWAY AVENUE
1448,STREAMVILLE ROAD
1449,MONTPELIER PARK
1450,MARINO AVENUE
1451,DEVLIN'S PLACE
1452,NORTONS AVENUE
1453,MC KELVEY ROAD
1454,CONSTITUTION HILL
1455,EDENMORE GROVE
1456,MALLIN AVENUE
1457,SHANLISS GROVE
1458,DAWSON STREET
1459,MAREWOOD COURT
1460,KIRKWOOD
1461,GATEWAY GARDEN
1462,BALLYFERMOT AVENUE
1463,MARY'S ABBEY
1464,ARD NA MEALA
1465,PINEWOOD VILLAS
1466,RICHMOND COTTAGES
1467,BROOKWOOD RISE
1468,SARSFIELD STREET
1469,POOLE STREET
1470,WHITETHORN RISE
1471,KINCORA ROAD
1472,GRANGEGORMAN LOWER
1473,SITRIC PLACE
1474,CLANCY AVENUE
1475,SAINT GEORGES AVENUE
1476,CRAIGFORD DRIVE
1477,TEMPLE PARK
1478,SAINT HELEN'S TERRACE
1479,PARK COURT
1480,RAPHOE ROAD
1481,GORSEFIELD COURT
1482,LONDONBRIDGE ROAD
1483,RATRA ROAD
1484,SAINT PAPPIN ROAD
1485,YARNHALL STREET
1486,SHANDON ROAD
1487,COLLINS SQUARE
1488,COWPER DRIVE
1489,THE COURT
1490,KILDONAN AVENUE
1491,PALMERSTON PARK
1492,GLIN PARK
1493,RUTLAND STREET LOWER
1494,GROVE COURT
1495,PINEBROOK CRESCENT
1496,SAINT LAURENCE ROAD
1497,WILSON TERRACE
1498,CONNAUGHT PARADE
1499,FINGLASWOOD ROAD
1500,CAMBRIDGE VILLAS
1501,LARKHILL ROAD
1502,STORMANSTOWN ROAD
1503,WESTMORELAND STREET
1504,SHANARD AVENUE
1505,SHELMARTIN AVENUE
1506,GLASMEEN ROAD
1507,BRIGHTON ROAD
1508,CROYDON TERRACE
1509,MARGARET PLACE
1510,PRIMROSE STREET
1511,SAINT FINTAN ROAD
1512,CANAL ROAD
1513,CRANE LANE
1514,PARK WEST ROAD
1515,RUTLAND GROVE
1516,KINAHAN STREET
1517,PARNELL SQUARE NORTH
1518,GRANGEGORMAN UPPER
1519,LEINSTER ROAD
1520,ADARE AVENUE
1521,JAMESTOWN COURT
1522,KENILWORTH LANE
1523,FLEMING PLACE
1524,DONAGHMEDE ROAD
1525,ABBEY STREET UPPER
1526,SHANLISS ROAD
1527,BROOKVILLE
1528,SAINT BRIGID'S CRESCENT
1529,BOLTON STREET
1530,HALPIN'S ROW
1531,MOUNTPLEASANT AVENUE UPPER
1532,YELLOW ROAD
1533,SLIEVENAMON ROAD
1534,MILLBROOK ROAD
1535,MOUNTPLEASANT AVENUE LOWER
1536,OLD COUNTY GLEN
1537,PORTOBELLO
1538,CEDAR WALK
1539,CHURCH LANE SOUTH
1540,BOTANIC VILLAS
1541,CAUSEWAY ROAD
1542,O'CAROLAN ROAD
1543,SOUTH DOCK PLACE
1544,DUKE LANE LOWER
1545,BANGOR DRIVE
1546,SWILLY ROAD
1547,KILBARRON PARK
1548,WOODLAWN PARK
1549,CADOGAN COURT
1550,BLESSINGTON COURT
1551,GLENHILL DRIVE
1552,PROUD'S LANE
1553,GRAND PARADE
1554,WOODSTOCK GARDENS
1555,AIKENHEAD TERRACE
1556,SYCAMORE PARK
1557,THOMAS CLARKE HOUSE
1558,TRIM ROAD
1559,VALEVIEW GARDENS
1560,CHERRY ORCHARD GROVE
1561,CROKE PARK
1562,HATCH STREET UPPER
1563,RUSSELL AVENUE
1564,DOYLES LANE
1565,ADARE PARK
1566,RICHMOND MEWS
1567,SAINT IGNATIUS AVENUE
1568,DANIELI ROAD
1569,COOLEVIN ROAD
1570,HAZELWOOD PARK
1571,LEESON PARK AVENUE
1572,O'CONNELL BRIDGE
1573,SAINT KEVIN'S ROAD
1574,LORCAN O'TOOLE PARK
1575,KILBARRON DRIVE
1576,PEMBROKE LANE
1577,BLACKDITCH DRIVE
1578,CAPTAINS DRIVE
1579,CHARLEMONT STREET
1580,TEMPLE VIEW COPSE
1581,VICTORIA LANE
1582,MOUNT DILLON COURT
1583,MOUNT PROSPECT DRIVE
1584,MURPHY'S LANE
1585,HOWTH ROAD NUMBER 150
1586,PARNELL BRIDGE
1587,CLAREMONT PARK
1588,SKELLY'S LANE
1589,DARNDALE ESTATE ROAD NO. 03
1590,OUR LADY'S CLOSE
1591,SAINT VINCENT STREET SOUTH
1592,BENBULBIN ROAD
1593,MOUNT OLIVE ROAD
1594,SAINT GEORGES VILLAS
1595,SEAFIELD DOWNS
1596,RICHMOND HILL
1597,OAK ROAD
1598,BRIAN BORU STREET
1599,CHARLEVILLE ROAD
1600,RAMILLIES ROAD
1601,CROFTWOOD CRESCENT
1602,ADDISON PLACE
1603,ARDMORE GROVE
1604,ROSEVALE COURT
1605,CHAPELIZOD HILL ROAD
1606,DRUMALEE GROVE
1607,WALNUT RISE
1608,BERESFORD LAWN
1609,BRIARFIELD VILLAS
1610,DUNARD COURT
1611,ROSE GLEN AVENUE
1612,RATHDOWN CRESCENT
1613,IRISHTOWN LANE
1614,KILNAMANAGH ROAD
1615,SAINT ANTHONY'S PLACE
1616,RAMLEH PARK
1617,LITTON LANE
1618,ISOLDA ROAD
1619,CURLEW ROAD
1620,SULLIVAN COTTAGES
1621,CLONSHAUGH AVENUE
1622,MALPAS STREET
1623,JEROME CONNOR PLACE
1624,NEWBROOK ROAD
1625,HUBAND ROAD
1626,CROFTWOOD DRIVE
1627,ERNE TERRACE REAR
1628,HATCH STREET LOWER
1629,PRIORY NORTH
1630,CREMORE VILLAS
1631,INCHICORE SQUARE NORTH
1632,CABRA PARK
1633,MONTROSE GROVE
1634,EARLS COURT
1635,NEW WAPPING STREET
1636,HARCOURT ROW
1637,SCRIBBLESTOWN PLACE
1638,BAROMA
1639,BLUNDEN DRIVE
1640,HAZEL ROAD
1641,SAINT JOHN'S TERRACE
1642,BANGOR ROAD
1643,MILL STREET
1644,LA TOUCHE BRIDGE
1645,SILLOGE CRESCENT
1646,FOXFIELD ROAD
1647,GREENVILLE PARADE
1648,BALCURRIS PARK WEST
1649,GLIN ROAD
1650,KNOCKNAREA ROAD
1651,VAVASOUR SQUARE
1652,CAPPAGH ROAD
1653,RATRA PARK
1654,SAINT PATRICK'S VILLAS
1655,MILLENNIUM WALKWAY
1656,SEAPARK ROAD
1657,PARNELL SQUARE WEST
1658,VILLA PARK GARDENS
1659,PINEWOOD CRESCENT
1660,OULTON ROAD
1661,BANNOW ROAD
1662,LEE ROAD
1663,RATHDOWN COURT
1664,NOEL PURCELL WALK
1665,CHERRY ORCHARD GREEN
1666,PODDLE PARK
1667,EGLINTON PARK
1668,SAINT PETER'S CLOSE
1669,LORD MAYORS WALK
1670,HAMMOND LANE
1671,MOUNTPLEASANT SQUARE
1672,SAINT PETER'S AVENUE
1673,TRITONVILLE AVENUE
1674,BENEAVIN ROAD
1675,SHANOWEN ROAD
1676,SAINT BRENDANS AVENUE
1677,CASEMENT GREEN
1678,EUGENE STREET
1679,EGLINTON TERRACE
1680,ISLAND BRIDGE
1681,KIMMAGE ROAD LOWER
1682,SAINT MOBHI GROVE
1683,VALLEY PARK AVENUE
1684,BERKELEY STREET
1685,ORANMORE ROAD
1686,EMPRESS PLACE
1687,BRIDE CLOSE
1688,LUBY ROAD
1689,CLANHUGH ROAD
1690,PROTESTANT ROW
1691,DELVILLE ROAD
1692,BALLYBOUGH COURT
1693,DUNMANUS ROAD
1694,CREMORE DRIVE
1695,HIGHFIELD ROAD
1696,JERVIS STREET
1697,BALLYGALL PARADE
1698,MARINO COURT
1699,HAWTHORN AVENUE
1700,MOUNT OLIVE PARK
1701,WILLOW PARK AVENUE
1702,PHILIPSBURGH AVENUE
1703,SHANDON GARDENS
1704,CASTLEWOOD TERRACE
1705,JAMES JOYCE STREET
1706,CROTTY AVENUE
1707,CROFTWOOD GREEN
1708,CHURCH AVENUE SOUTH
1709,CLANBOY ROAD
1710,FITZWILLIAM SQUARE EAST
1711,SAINT BRIGID'S DRIVE
1712,BALLYSHANNON AVENUE
1713,MEATH STREET
1714,MOYNE ROAD
1715,SPIDDAL ROAD
1716,GLASILAWN ROAD
1717,FORBES LANE
1718,WYNNEFIELD ROAD
1719,WILLOW PARK GROVE
1720,BRIARFIELD ROAD
1721,RIALTO STREET
1722,MC DOWELL AVENUE
1723,AUGHRIM PLACE
1724,ELY PLACE UPPER
1725,PINEBROOK ROAD
1726,PARK VIEW
1727,THE WINDMILL
1728,BEECH HILL TERRACE
1729,VENTRY PARK
1730,CHURCH ROW
1731,SAINT BRENDAN'S COTTAGES
1732,GRIFFITH LAWNS
1733,ASHINGTON DALE
1734,BEAVER ROW
1735,CHURCH PLACE
1736,WINTON MEWS
1737,SPIDDAL PARK
1738,DARTMOUTH SQUARE WEST
1739,SAINT AIDAN'S PARK
1740,WINDMILL ROAD
1741,FINN EBER FORT
1742,OAKPARK CLOSE
1743,MARGUERITE ROAD
1744,PROSPECT SQUARE
1745,WHITWORTH PLACE
1746,CAMAC PARK
1747,ARDILAUN ROAD
1748,HENRIETTA LANE
1749,SAINT ALPHONSUS ROAD LOWER
1750,CAMDEN ROW
1751,THE DEMESNE
1752,CHARLEMONT PLACE
1753,HAMPSTEAD PARK
1754,GLOVERS ALLEY
1755,UPPER CROSS ROAD
1756,VICTORIA AVENUE
1757,VIOLET HILL ROAD
1758,OLD CABRA ROAD
1759,KYLEMORE PARK WEST
1760,BROOKWOOD MEADOW
1761,MASK AVENUE
1762,STRANDVILLE AVENUE
1763,BOYNE COURT
1764,BALLYBOUGH AVENUE
1765,HAZELWOOD COURT
1766,DUNNE STREET
1767,KILLAN ROAD
1768,MOATVIEW CLOSE
1769,WELLMOUNT AVENUE
1770,ARBOUR PLACE
1771,PORTLAND COURT
1772,DROMORE ROAD
1773,CLONMACNOISE ROAD
1774,OAKPARK DRIVE
1775,PINEWOOD DRIVE
1776,ALBERT COLLEGE AVENUE
1777,MULBERRY LANE
1778,FREDERICK LANE NORTH
1779,BROOKFIELD GREEN
1780,RATHBORNE DRIVE
1781,IRWIN STREET
1782,ANNALY ROAD
1783,THOMAS DAVIS STREET WEST
1784,KINVARA PARK
1785,NEWMARKET
1786,FAIRWAYS PARK
1787,RATHBORNE PLACE
1788,ESSEX STREET WEST
1789,AILESBURY GROVE
1790,RAGLAN ROAD
1791,PLEASANTS LANE
1792,DRUMALEE DRIVE
1793,ARBUTUS AVENUE
1794,BARRON PLACE
1795,RATOATH AVENUE
1796,HERBERT COTTAGES
1797,DRUMALEE ROAD
1798,CRESTFIELD ROAD
1799,BEECHWOOD PARK
1800,CHURCHWELL RISE
1801,ROSEDALE TERRACE
1802,GRATTAN LODGE
1803,PARKMORE DRIVE
1804,RATHBORNE AVENUE
1805,BEAU PARK CRESCENT
1806,WASHINGTON STREET
1807,GEORGE'S STREET GREAT SOUTH
1808,BURGESS LANE
1809,MACKIES PLACE
1810,WALKINSTOWN CLOSE
1811,CLONROSSE DRIVE
1812,ELMWOOD AVENUE LOWER
1813,GROVE AVENUE
1814,SAINT PETERS COURT
1815,WARRENMOUNT
1816,CRESTFIELD PARK
1817,SAMUEL BECKETT BRIDGE
1818,CASTLEWOOD AVENUE
1819,SAINT JAMES'S AVENUE
1820,GRANGEMORE GROVE
1821,NICHOLAS AVENUE
1822,LEA CRESCENT
1823,SILLOGE GREEN
1824,COULTRY WAY
1825,CROMCASTLE DRIVE
1826,BELGRAVE SQUARE EAST
1827,VIRGINIA DRIVE
1828,SAINT MICHAELS HILL
1829,ABBEY DRIVE
1830,PORTLAND ROW
1831,JOHN STREET WEST
1832,OXMANTOWN ROAD
1833,PEMBROKE ROAD
1834,GLENHILL COURT
1835,BELCLARE GROVE
1836,KILKIERAN ROAD
1837,NEW STREET NORTH
1838,COOLATREE PARK
1839,FORTH ROAD
1840,PORTSIDE COURT
1841,PARK SPRINGS
1842,CARNDONAGH ROAD
1843,OAKFIELD PLACE
1844,ORCHARD ROAD SOUTH
1845,O'CURRY ROAD
1846,SAINT BRENDANS PARK
1847,WALWORTH ROAD
1848,WINDSOR AVENUE
1849,BALLYGALL AVENUE
1850,ASHDALE PARK
1851,CLONSHAUGH CLOSE
1852,MERCER STREET LOWER
1853,BARNVILLE WALK
1854,LISSADEL ROAD
1855,HOLLYBROOK
1856,JOHN'S LANE WEST
1857,KILBARRACK GROVE
1858,BROOKWOOD PARK
1859,RAHENY PARK
1860,ECCLES STREET
1861,MILLMOUNT PLACE
1862,HANOVER STREET WEST
1863,ADAIR COURT
1864,GRACE PARK ROAD
1865,CEDAR COURT
1866,VALEVIEW CRESCENT
1867,MOORE LANE
1868,MUSKERRY ROAD
1869,BEECHLAWN CLOSE
1870,BELCLARE AVENUE
1871,KEMPTON WAY
1872,THOMAS STREET
1873,PARKER HILL
1874,GLENTIES PARK
1875,GORTMORE DRIVE
1876,SAINT ALBAN'S PARK
1877,WILLIAMS PLACE SOUTH
1878,MARIGOLD GROVE
1879,CASHEL AVENUE
1880,MUIRFIELD DRIVE
1881,BERACH LODGE
1882,LEESON STREET UPPER
1883,WOODHAZEL WAY
1884,BROOKVALE ROAD
1885,GORTBEG DRIVE
1886,CONNOLLY GARDENS
1887,GLIN CRESCENT
1888,SUMMERVILLE PARK
1889,ALONE WALK
1890,KEVIN STREET UPPER
1891,CALDERWOOD GROVE
1892,SAINT ANTHONY'S ROAD
1893,ENNAFORT ROAD
1894,BLACKHORSE AVENUE
1895,INISHMAAN ROAD
1896,GREEN STREET EAST
1897,CARDIFFSBRIDGE GROVE
1898,MAREWOOD CRESCENT
1899,COULTRY CRESCENT
1900,FAIRFIELD PARK
1901,HUGHES ROAD SOUTH
1902,BELGRAVE ROAD
1903,VILLA PARK DRIVE
1904,GRACE PARK GARDENS
1905,RIALTO COTTAGES-SECOND AVENUE
1906,GREENLEA PARK
1907,WOODVIEW PARK
1908,DARGLE ROAD
1909,STRONG'S COURT
1910,REUBEN SQUARE
1911,MARIGOLD PARK
1912,MILLBROOK GROVE
1913,KIRWAN STREET COTTAGES
1914,SAINT PATRICK'S PLACE
1915,BUSHES LANE
1916,JOHN MCCORMACK AVENUE
1917,PETERSONS COURT
1918,RIVERSIDE PARK
1919,SUIR ROAD
1920,BOYNE LANE
1921,BROOKVILLE PARK
1922,HOPE STREET
1923,THOMAS DAVIS STREET SOUTH
1924,RICHMOND ESTATE
1925,TRITONVILLE COURT
1926,GARRYOWEN ROAD
1927,ANNESLEY PARK
1928,KILLAN COURT
1929,SPA ROAD
1930,BELMONT SQUARE
1931,GLASNEVIN AVENUE
1932,LUKE STREET
1933,BELCAMP LANE
1934,SAINT ANNE'S TERRACE
1935,SILLOGE ROAD
1936,GUILDFORD PLACE
1937,WESTERN WAY
1938,CRANFIELD PLACE
1939,EASTMORELAND LANE
1940,CARNLOUGH ROAD
1941,MEATH SQUARE
1942,CHURCH PARK WAY
1943,WATERFALL AVENUE
1944,CLEARSTREAM COURT
1945,ORCHARD LAWNS
1946,BRABAZON STREET
1947,BOOLAVOGUE ROAD
1948,GARVILLE DRIVE
1949,BELVIDERE ROAD
1950,MOUNT ARGUS GROVE
1951,RICHMOND PLACE SOUTH
1952,FITZWILLIAM STREET LOWER
1953,CONVENT VIEW COTTAGES
1954,GLENCLOY ROAD
1955,CLEGGAN PARK
1956,SHANLISS WALK
1957,TOURMAKEADY ROAD
1958,FARRELL'S LANE
1959,BELCLARE GREEN
1960,SHANGAN AVENUE
1961,STRATFORD ROW
1962,RIVERMOUNT COTTAGES
1963,RAINSFORD STREET
1964,AVENUE ROAD
1965,ARD RI ROAD
1966,ARDMORE CLOSE
1967,CARRIGALLEN PARK
1968,GREENWOOD AVENUE
1969,KANES COURT
1970,ALL HALLOWS SQUARE
1971,NEWBURY ESTATE ROAD
1972,RALEIGH SQUARE
1973,CONQUER HILL ROAD
1974,WALNUT COURT
1975,SAINT JAMES WALK
1976,ROPEWALK PLACE
1977,EDENMORE GARDENS
1978,ELTON PARK
1979,SAINT MICHAEL'S ROAD
1980,WHITETHORN GROVE
1981,TUDOR ROAD
1982,JONES'S ROAD
1983,VICTORIA ROAD
1984,TEMPLE VIEW GROVE
1985,WATERMILL DRIVE
1986,BALCURRIS GARDENS
1987,DRUMFINN PARK
1988,BERESFORD GREEN
1989,CHURCH STREET NEW
1990,ELMFIELD PARK
1991,SHEA'S LANE
1992,CONVENT CLOSE
1993,CATHERINE COURT
1994,SHANGAN CRESCENT
1995,GATEWAY VIEW
1996,PORTOBELLO HARBOUR
1997,STANHOPE STREET
1998,RAILWAY MEWS
1999,HOWTH VIEW PARK
2000,ROBERT EMMET BRIDGE
2001,O'RAHILLY PARADE
2002,KYLEMORE DRIVE
2003,CROYDON PARK AVENUE
2004,RIALTO DRIVE
2005,USHER'S ISLAND
2006,BEN EDAIR ROAD
2007,INNISFALLEN PARADE
2008,STANLEY STREET
2009,BROOKFIELD
2010,DISTILLERY ROAD
2011,POPPINTREE PARK LANE WEST
2012,MAREWOOD GROVE
2013,GREENDALE ROAD
2014,KENILWORTH ROAD
2015,AUGHRIM STREET
2016,SYNGE LANE
2017,BELLEVUE
2018,RIALTO COTTAGES-SEVENTH AVENUE
2019,RATHDRUM ROAD
2020,JOYCE ROAD
2021,SEAFIELD ROAD WEST
2022,CATHERINE LANE NORTH
2023,GLENBEIGH PARK
2024,WINDSOR PLACE
2025,AILESBURY CLOSE
2026,GRACEPARK MANOR
2027,BALLYHOY AVENUE
2028,SION HILL ROAD
2029,ELMFIELD CRESCENT
2030,DROMBAWN AVENUE
2031,NEWBURY AVENUE
2032,TEMPLE LANE NORTH
2033,SHANLISS DRIVE
2034,FOXFIELD GREEN
2035,TEMPLE VIEW PARK
2036,RATHVALE PARK
2037,HENDRICK STREET
2038,CEDAR BROOK WAY
2039,SEAFORT COTTAGES
2040,DERRY ROAD
2041,MAYOR STREET LOWER
2042,NURNEY LAWN
2043,COOLEEN AVENUE
2044,ANNA VILLA
2045,THE HAVEN
2046,SAINT ASSAM'S ROAD WEST
2047,MOREHAMPTON LANE
2048,TONLEGEE AVENUE
2049,LEINSTER AVENUE
2050,HAZELWOOD GROVE
2051,STEPHEN STREET LOWER
2052,SAINT TERESA ROAD
2053,LOMBARD STREET EAST
2054,JOHNS LANE EAST
2055,HIGHFIELD GROVE
2056,PALMERSTON PLACE
2057,KIRWAN STREET
2058,ROYAL CANAL BANK
2059,SAINT CLARE'S AVENUE
2060,GRAND CANAL QUAY
2061,MORNING STAR ROAD
2062,FITZWILLIAM PLACE
2063,ELM MOUNT COURT
2064,PRINCE'S STREET NORTH
2065,SYDNEY PARADE AVENUE
2066,BARNAMORE PARK
2067,BALFE ROAD
2068,LE VERE TERRACE
2069,MERRION STREET LOWER
2070,CUFFE LANE
2071,BEECHBROOK GROVE
2072,GALTYMORE DRIVE
2073,BRIAN BORU AVENUE
2074,COOLEY ROAD
2075,FORTVIEW AVENUE
2076,FRENCHMAN'S LANE
2077,RICHELIEU PARK
2078,NEWTOWN COURT WAY
2079,CROMCASTLE GREEN
2080,SALLYMOUNT AVENUE
2081,CITY QUAY
2082,GRANGE PARK GROVE
2083,DRUMCLIFFE DRIVE
2084,CELTIC PARK ROAD
2085,GARVILLE AVENUE UPPER
2086,SAINT TERESA'S ROAD
2087,GARDINER STREET MIDDLE
2088,LORD EDWARD STREET
2089,SEAFIELD AVENUE
2090,STOKES PLACE
2091,HARBOUR COURT
2092,RIALTO PARK
2093,LOFTUS LANE
2094,STRANGFORD ROAD EAST
2095,RICHMOND AVENUE
2096,BRAITHWAITE STREET
2097,BRABAZON ROW
2098,CHERRY ORCHARD PARADE
2099,GREENCASTLE ROAD
2100,EMMET STREET
2101,ALEXANDER TERRACE
2102,LAMB ALLEY
2103,SHERRARD STREET UPPER
2104,FURRY PARK ROAD
2105,FAUSSAGH AVENUE
2106,SAINT KEVIN'S COTTAGES
2107,BELCLARE PARK
2108,PORTLAND STREET WEST
2109,SAINT JOSEPH'S PARADE
2110,BLACKWATER ROAD
2111,ROOSEVELT COTTAGES
2112,COLLINS CLOSE
2113,BARRACK LANE
2114,DUNSINK DRIVE
2115,BRUNSWICK STREET NORTH
2116,BELLMANS WALK
2117,ELM MOUNT AVENUE
2118,VERNON HEATH
2119,SAINT MAGDALEN TERRACE
2120,MCGUINNESS COTTAGES
2121,JOHNSTOWN PARK
2122,SHREWSBURY ROAD
2123,LAGAN ROAD
2124,GLENTOW ROAD
2125,SEAPARK DRIVE
2126,VERNON DRIVE
2127,COOLATREE ROAD
2128,MERRION VILLAGE
2129,COLERAINE STREET
2130,VALLEY PARK DRIVE
2131,ALBERT PLACE WEST
2132,GREENWOOD CLOSE
2133,LEIGHLIN ROAD
2134,ORCHARD ROAD
2135,KILSHANE ROAD
2136,PARKVIEW DRIVE
2137,RICHVIEW PARK
2138,HERBERT AVENUE
2139,VICTORIA QUAY
2140,LA TOUCHE DRIVE
2141,EXCHANGE COURT
2142,HOEY COURT
2143,THE VILLAGE
2144,FRIARY GROVE
2145,IONA PARK
2146,MARINE DRIVE
2147,SAINT GABRIELS COURT
2148,CREMONA ROAD
2149,LORCAN DRIVE
2150,ALBERT TERRACE
2151,MAQUAY BRIDGE
2152,MILLENNIUM BRIDGE
2153,CHERRYFIELD AVENUE UPPER
2154,OLD MILL COURT
2155,HENRIETTA PLACE
2156,LE FANU DRIVE
2157,PRICE'S LANE
2158,NEWTOWN CLOSE
2159,PARKVIEW ROAD
2160,ASHWORTH PLACE
2161,GREEK STREET
2162,MARNE VILLAS
2163,THE COURTYARD
2164,ELLESMERE AVENUE
2165,SAINT JOSEPHS SQUARE
2166,WAVERLEY AVENUE
2167,ELMDALE CRESCENT
2168,CYMRIC ROAD
2169,HAZELCROFT GARDENS
2170,O'REILLY AVENUE
2171,SAINT PETERS LANE
2172,LE FANU ROAD
2173,CROSS LANE SOUTH
2174,MARLBOROUGH CLOSE
2175,MACKEN STREET
2176,MASK GREEN
2177,LAURENCE BROOK
2178,INVERMORE GROVE
2179,CABRA GROVE
2180,ROSARY ROAD
2181,MARTELLO WOOD
2182,DRUMALEE AVENUE
2183,LEINSTER ROAD WEST
2184,BRICKFIELD LANE
2185,MARSHAL LANE
2186,HARRISON ROW
2187,HADDINGTON LANE
2188,DERRYNANE SQUARE
2189,MOUNT ARGUS TERRACE
2190,BENMADIGAN ROAD
2191,KINGS INNS STREET
2192,DROMNANANE PARK
2193,BALLYFERMOT CRESCENT
2194,GRACE PARK HEIGHTS
2195,ASHFORD COTTAGES
2196,CASTLE GROVE
2197,ELM MOUNT CLOSE
2198,MORNINGTON ROAD
2199,KILLESTER PARK
2200,PHIBSBOROUGH
2201,COW'S LANE
2202,DOWNPATRICK ROAD
2203,VERSCHOYLE COURT
2204,SAINT STEPHENS GREEN SOUTH
2205,CONQUER HILL AVENUE
2206,PALMERSTON GROVE
2207,PLEASANTS STREET
2208,HIBERNIAN AVENUE
2209,DEVENISH ROAD
2210,SUMMER STREET SOUTH
2211,CLAREMONT CRESCENT
2212,LOUIS LANE
2213,COULTRY PARK
2214,SHANDON PARK
2215,WALNUT AVENUE
2216,FINGLAS PARK
2217,MURTAGH ROAD
2218,SEAFORT VILLAS
2219,VERNON WOOD
2220,GOLDEN LANE
2221,MERLYN DRIVE
2222,SHANOWEN CRESCENT
2223,MOUNTJOY SQUARE EAST
2224,DORSET STREET LOWER
2225,WATERMILL PARK
2226,LONDONBRIDGE DRIVE
2227,AULDEN GRANGE
2228,CRESCENT VILLAS
2229,THE PARK
2230,NEWBURY LAWNS
2231,DIGGES STREET UPPER
2232,BRIAN AVENUE
2233,GARTER COURT
2234,CHAMBER STREET
2235,ASHINGTON GREEN
2236,GLENCORP ROAD
2237,SLEMISH ROAD
2238,CLAREVILLE GROVE
2239,ISLAND VIEW
2240,MOUNTJOY STREET
2241,JOY STREET
2242,ELMPARK AVENUE
2243,SAINT BRIGID'S COTTAGES
2244,APPIAN WAY
2245,HAGAN'S COURT
2246,PARNELL STREET
2247,FITZWILLIAM PLACE NORTH
2248,BEECHPARK AVENUE
2249,BUSHFIELD PLACE
2250,KILBARRACK GARDENS
2251,SIMMONSCOURT TERRACE
2252,SAINT KEVIN'S COURT
2253,PALMERSTON GARDENS
2254,DALYMOUNT
2255,MASK ROAD
2256,THE COPSE
2257,TEMPLE VIEW CRESCENT
2258,CROYDON GREEN
2259,GLENTIES DRIVE
2260,DOLPHINS BARN STREET
2261,KYLE CLARE ROAD
2262,RIVERVIEW COURT
2263,SAINT STEPHENS GREEN WEST
2264,DOON AVENUE
2265,TEMPLE VIEW DRIVE
2266,CLONMEL STREET
2267,DERRY PARK
2268,CARRIG ROAD
2269,BELMONT GARDENS
2270,SAINT LAURENCE PLACE
2271,SHELBOURNE ROAD
2272,THE MILLS
2273,BEAU PARK TERRACE
2274,PORTLAND STREET NORTH
2275,CLONARD ROAD
2276,COLLINS AVENUE EAST
2277,GATEWAY CRESCENT
2278,SIMMONSCOURT SQUARE
2279,SAINT JOSEPH'S PLACE
2280,VERNON STREET
2281,SAINT MARY'S ROAD NORTH
2282,SWORDS ROAD
2283,CEDAR BROOK
2284,EAGLE HILL AVENUE
2285,HAMPTON COURT
2286,ENNAFORT COURT
2287,HARTY AVENUE
2288,SILLOGE PARK
2289,THORNDALE AVENUE
2290,ADRIAN AVENUE
2291,BASIN STREET LOWER
2292,CEDARWOOD RISE
2293,THE HOLE IN THE WALL ROAD
2294,WOODFIELD AVENUE
2295,PROSPECT AVENUE
2296,KILLARNEY PARADE
2297,RIVERSIDE DRIVE
2298,TONGUEFIELD ROAD
2299,ROYSTON VILLAGE
2300,EMMET ROAD
2301,BEAU PARK SQUARE
2302,GATEWAY COURT
2303,CASEMENT ROAD
2304,RATHMINES ROAD UPPER
2305,TANGIER LANE
2306,CARLISLE STREET
2307,LEINSTER SQUARE
2308,CLONSHAUGH LAWN
2309,EDENMORE GREEN
2310,BEECHWOOD AVENUE LOWER
2311,SHREWSBURY PARK
2312,GREENCASTLE PARADE
2313,MOIRA ROAD
2314,WOODLANDS
2315,CLAREMONT COURT
2316,O'HOGAN ROAD
2317,GANDON CLOSE
2318,DUNLUCE ROAD
2319,SAINT FINBAR ROAD
2320,BELLA STREET
2321,GARRYNURE
2322,CLANBRASSIL CLOSE
2323,PORTLAND PLACE
2324,CHURCHWELL MEWS
2325,ABBEY PARK
2326,MILLWOOD VILLAS
2327,HENRY PLACE
2328,ABBEY COTTAGES
2329,BERRYFIELD DRIVE
2330,BELCLARE TERRACE
2331,ROSTREVOR ROAD
2332,SAINT THOMAS ROAD
2333,EARLSFORT TERRACE
2334,ERRIGAL ROAD
2335,MOUNTJOY PLACE
2336,NAAS ROAD
2337,BOW BRIDGE PLACE
2338,HEATH SQUARE
2339,MONTPELIER HILL
2340,SHANOWEN AVENUE
2341,DARNDALE ESTATE ROAD NO. 01
2342,CHERRY ORCHARD PARK
2343,GRATTAN BRIDGE
2344,TURVEY AVENUE
2345,SHANGAN GREEN
2346,O'DONOVAN ROSSA BRIDGE
2347,CAMDEN VILLAS
2348,PRIESTFIELD DRIVE
2349,SPRING GARDEN STREET
2350,HOPE AVENUE
2351,WATERMILL LAWN
2352,CATHEDRAL STREET
2353,PARADISE PLACE
2354,REILLYS COTTAGES
2355,CHERRY ORCHARD COURT
2356,GORTMORE ROAD
2357,BELMAYNE PARK SOUTH
2358,BONHAM STREET
2359,BRIGHTON AVENUE
2360,TERRACE PLACE
2361,KEMPTON LAWN
2362,PINEWOOD GREEN
2363,BRUNSWICK VILLAS
2364,SAINT MALACHY ROAD
2365,MARINO PARK
2366,THOMAS MOORE ROAD
2367,LALLY ROAD
2368,TEMPLE LANE SOUTH
2369,ABBOTSTOWN AVENUE
2370,MOUNT ARGUS ROAD
2371,WARREN STREET
2372,SAINT AIDAN'S PARK AVENUE
2373,SAINT BRIGID'S ROAD UPPER
2374,RIALTO COTTAGES-FIFTH AVENUE
2375,SCRIBBLESTOWN ROAD
2376,SAINT ALBANS ROAD
2377,BAYVIEW AVENUE
2378,CHURCH STREET UPPER
2379,ELM MOUNT GROVE
2380,SUFFOLK STREET
2381,CHATHAM LANE
2382,FOXFIELD LAWN
2383,MARINO GREEN
2384,MATT TALBOT MEMORIAL BRIDGE
2385,TOLKA ROAD
2386,CAMBRIDGE TERRACE
2387,MILLMOUNT TERRACE
2388,COLLINSWOOD
2389,PARK ROAD
2390,GREENFIELD PLACE
2391,MOLESWORTH STREET
2392,PHIBSBOROUGH ROAD
2393,GRANBY PLACE
2394,BEECHLAWN GREEN
2395,BARRYSCOURT ROAD
2396,VINTAGE COURT
2397,FITZGIBBON LANE
2398,COLLEGE MANOR
2399,MOUNTJOY PARADE
2400,BENBURB STREET
2401,ROSARY TERRACE
2402,SALLYMOUNT TERRACE
2403,LOUGH DERG ROAD
2404,BLACKHEATH GARDENS
2405,ELM MOUNT HEIGHTS
2406,KILBARRACK AVENUE
2407,BEAUMONT COURT
2408,RORY O'MORE BRIDGE
2409,SHANGAN GARDENS
2410,KEMPTON HEATH
2411,SEVEN OAKS
2412,LOUGH CONN TERRACE
2413,RATHVILLY DRIVE
2414,CLANAWLEY ROAD
2415,COLLINS GREEN
2416,MARLBOROUGH STREET
2417,DAME STREET
2418,ERNE PLACE
2419,WALKINSTOWN PARK
2420,RICHMOND STREET SOUTH
2421,TEMPLE PLACE
2422,HENRY ROAD
2423,SANDYMOUNT CASTLE ROAD
2424,ECCLES COURT
2425,CROMCASTLE AVENUE
2426,CLONSHAUGH MEADOW
2427,BAILEY'S ROW
2428,FOXFIELD AVENUE
2429,HOME FARM PARK
2430,LEIX ROAD
2431,WALKINSTOWN DRIVE
2432,ROBINSON'S COURT
2433,COULTRY LAWN
2434,HAVELOCK TERRACE
2435,BEATTY'S AVENUE
2436,CROMCASTLE CLOSE
2437,CHATHAM STREET
2438,REGINALD SQUARE
2439,GROVE PARK ROAD
2440,SEAFORT AVENUE
2441,HENDRICK PLACE
2442,GARVILLE ROAD
2443,LONGFORD LANE
2444,SAINT ENDAS ROAD
2445,RIALTO COTTAGES-SIXTH AVENUE
2446,VALENTIA ROAD
2447,PODDLE GREEN
2448,GLENAYR ROAD
2449,PARNELL PLACE
2450,HAZEL LANE
2451,SAINT FRANCIS SQUARE
2452,CLONMACNOISE GROVE
2453,GRIFFITH WALK
2454,WELLMOUNT PARADE
2455,WELLMOUNT GREEN
2456,FITZGERALD STREET
2457,SAINT CANICES ROAD
2458,KELLY'S LANE
2459,MONTROSE CLOSE
2460,SAINT BRIGID'S ROAD
2461,WILLOW FIELD
2462,GRANGE ABBEY CRESCENT
2463,MARROWBONE LANE
2464,WESLEY ROAD
2465,CLANDONAGH ROAD
2466,SAINT JOHNS
2467,GARDEN VIEW
2468,HAWKINS STREET
2469,GURTEEN PARK
2470,WELLINGTON PLACE
2471,SITRIC ROAD
2472,ORWELL WOODS
2473,THOMPSON COTTAGES
2474,GATEWAY MEWS
2475,BELTON PARK VILLAS
2476,CHURCH PARK AVENUE
2477,IRISHTOWN ROAD
2478,O'CURRY AVENUE
2479,RATHDOWN PARK
2480,VERVILLE COURT
2481,MARYFIELD WOODS
2482,GLENHILL GROVE
2483,WESTWOOD ROAD
2484,LEINSTER PLACE
2485,SMITH'S COTTAGES
2486,RAILWAY STREET
2487,THE LAURELS
2488,SAINT IGNATIUS ROAD
2489,WADE'S AVENUE
2490,GEORGE'S ROAD
2491,BERKELEY AVENUE
2492,GRANTHAM PLACE
2493,GULISTAN COTTAGES
2494,GLENBEIGH ROAD
2495,RIVERSIDE AVENUE
2496,FRANK SHERWIN BRIDGE
2497,ABBEYFIELD LAWNS
2498,ELMFIELD GREEN
2499,WINDSOR VILLAS
2500,ABERCORN SQUARE
2501,CLONSHAUGH GLEN
2502,MC KEE ROAD
2503,FINGLAS PLACE
2504,ADARE DRIVE
2505,JAMESTOWN SQUARE
2506,HADDINGTON PLACE
2507,NERNEY'S COURT
2508,FLORENCE STREET
2509,SHANVARNA ROAD
2510,HOLLY ROAD
2511,DUNSEVERICK ROAD
2512,MOUNT ARGUS WAY
2513,DONNYBROOK ROAD
2514,HAZELCROFT TERRACE
2515,TALBOT ARCH
2516,SHANGAN PARK
2517,SAINT MARTIN'S PARK
2518,O'DEVANEY GARDENS
2519,MOBHI COURT
2520,MONTAGUE PLACE
2521,EWINGTON LANE
2522,CHURCHWELL SQUARE
2523,CARRICKFOYLE TERRACE
2524,ALL SAINTS ROAD
2525,HEUSTON SQUARE
2526,PHIBSBOROUGH PLACE
2527,BENSON STREET
2528,ERRIS ROAD
2529,HOLLYTREE SQUARE
2530,MARTIN STREET
2531,STRAND ROAD
2532,FOXHILL CRESCENT
2533,TEMPLE LANE
2534,TYRREL'S LANE
2535,MAOLBUILLE ROAD
2536,EMORVILLE AVENUE
2537,GREENDALE AVENUE
2538,OLNEY GROVE
2539,WOODLAWN WAY
2540,CASTLETIMON PARK
2541,CLONMEL ROAD
2542,COLLEGE GREEN
2543,GREENORE TERRACE
2544,WILLOW PARK LAWN
2545,CATHERINE LANE EAST
2546,ELIZABETH STREET
2547,SPIRE VIEW LANE
2548,HOLYCROSS AVENUE
2549,DOWLAND ROAD
2550,WALKINSTOWN AVENUE
2551,NEWTOWN ROAD
2552,KYLEMORE PARK NORTH
2553,INVER ROAD
2554,WYTELEAF GROVE
2555,CAMPBELLS ROW
2556,ALBERT COLLEGE LAWN
2557,CHANCERY LANE
2558,GREAT WESTERN SQUARE EAST
2559,PARK AVENUE WEST
2560,COULTRY DRIVE
2561,ABBEYFIELD
2562,FERNVALE DRIVE
2563,DRUMCONDRA ROAD UPPER
2564,SAINT MICHAN'S PLACE
2565,GRIFFITH CRESCENT
2566,FITZWILLIAM SQUARE SOUTH
2567,SHERRARD AVENUE
2568,BATH STREET
2569,DEANSTOWN ROAD
2570,BURLINGTON GARDENS
2571,GARDEN LANE
2572,LIFFEY STREET LOWER
2573,DUNDRUM ROAD
2574,LISSADEL GREEN
2575,FOSTER PLACE NORTH
2576,GILFORD PINES
2577,KILDARE PARK
2578,RATHVALE DRIVE
2579,MOATFIELD PARK
2580,SAINT JARLATH ROAD
2581,SILLOGE CLOSE
2582,BLACKBERRY LANE
2583,ANNE STREET NORTH
2584,BALLYBOUGH LANE
2585,BLOOMFIELD COTTAGES
2586,CREIGHTON STREET
2587,DUNVILLE AVENUE
2588,BUSHY PARK GARDENS
2589,GARDINER ROW
2590,LOTTS
2591,OLD MALAHIDE ROAD
2592,SUMMERHILL PLACE
2593,SYCAMORE STREET
2594,TOLKA VALE
2595,BETTYGLEN
2596,PEARSE SQUARE
2597,MOUNT TALLANT AVENUE
2598,KILDARE STREET
2599,YORK ROAD
2600,MAGENNIS PLACE
2601,HANBURY LANE
2602,COWPER MEWS
2603,FORT OSTMAN
2604,BERESFORD AVENUE
2605,ELM MOUNT ROAD
2606,JOSHUA LANE
2607,LISSADEL DRIVE
2608,SILLOGE PLACE
2609,CIAN PARK
2610,GRANTHAM STREET
2611,MADDEN ROAD
2612,BAGGOT ROAD
2613,CHARLEVILLE CLOSE
2614,OSTMAN PLACE
2615,CRAWFORD TERRACE
2616,COULTRY ROAD
2617,MONTROSE DRIVE
2618,SHANLISS WAY
2619,CLONSHAUGH INDUSTRIAL ESTATE
2620,YEWLAND TERRACE
2621,GOLDEN BRIDGE GARDENS
2622,KINGSLAND LANE
2623,MOYCULLEN ROAD
2624,THE SWEEPSTAKES
2625,CEANNT FORT
2626,QUINN AVENUE
2627,SANTRY BY-PASS
2628,MUNSTER STREET
2629,GREAT WESTERN SQUARE WEST
2630,STRANGFORD GARDENS
2631,DUNARD ROAD
2632,DRUMCONDRA ROAD LOWER
2633,GRACE PARK LAWNS
2634,PARNELL COURT
2635,HUGHES ROAD NORTH
2636,MAGENNIS SQUARE
2637,BALLYMUN ROAD
2638,RATHMINES PARK
2639,KILLESTER COURT
2640,PARNELL ROAD
2641,SAINT DONAGH'S ROAD
2642,GLIN GROVE
2643,LIFFEY STREET WEST
2644,CHURCH AVENUE WEST
2645,ROSSMORE ROAD
2646,CHELMSFORD AVENUE
2647,INVERNESS ROAD
2648,PERCY PLACE
2649,MUCKROSS PARADE
2650,TERENURE ROAD NORTH
2651,GRIFFITH DOWNS
2652,ELM MOUNT DRIVE
2653,KEVIN STREET LOWER
2654,CASTLEWOOD PARK
2655,EDENVALE ROAD
2656,WATERLOO LANE
2657,CROAGHPATRICK ROAD
2658,SAINT PATRICK'S PARADE
2659,ORMEAU STREET
2660,THORNDALE DRIVE
2661,PREMIER SQUARE
2662,GREENMOUNT AVENUE
2663,BUSHFIELD AVENUE
2664,MOLAND PLACE
2665,MC MAHON STREET
2666,MOY ELTA ROAD
2667,BROADSTONE PLACE
2668,FERTULLAGH ROAD
2669,CARNDONAGH LAWN
2670,TIVOLI AVENUE
2671,AILESBURY MEWS
2672,BAGGOT COURT
2673,COLLINS AVENUE EXTENSION
2674,GRANGEMORE ROAD
2675,SHANRATH ROAD
2676,WHITEFRIAR PLACE
2677,BOND STREET
2678,KINGRAM PLACE
2679,ABBEY COURT
2680,BALLYGALL ROAD EAST
2681,CREMORE AVENUE
2682,HARDEBECK AVENUE
2683,TEMPLE GARDENS
2684,CATHAL BRUGHA STREET
2685,DUNARD WALK
2686,HUME STREET
2687,AYREFIELD AVENUE
2688,RATHGAR PARK
2689,O'BRIENS TERRACE
2690,MOUNT DRUMMOND SQUARE
2691,CASTILLA PARK
2692,NORSEMAN PLACE
2693,GOLDENBRIDGE TERRACE
2694,ARDMORE AVENUE
2695,ALMA TERRACE
2696,SAINT ANNE'S COURT
2697,BEAUMONT GROVE
2698,CASTLE AVENUE
2699,FAIRWAYS AVENUE
2700,RAILWAY COURT
2701,HERBERT LANE
2702,COLEPARK DRIVE
2703,KINGSLAND PARK AVENUE
2704,NUTLEY LANE
2705,PRINCE ARTHUR TERRACE
2706,EUSTACE STREET
2707,NASSAU STREET
2708,PHIBSBOROUGH AVENUE
2709,MACARTNEY BRIDGE
2710,CHURCH GARDENS
2711,LIMEWOOD PARK
2712,CARROLLS COURT
2713,EBENEZER TERRACE
2714,WHITETHORN PARK
2715,SANTRY AVENUE
2716,HAMPSTEAD AVENUE
2717,SIMPSONS LANE
2718,CHARLEMONT LANE
2719,CONVENT PLACE
2720,PHOENIX STREET NORTH
2721,ONTARIO TERRACE
2722,SWANS NEST AVENUE
2723,STAMER STREET
2724,ATHLUMNEY VILLAS
2725,KYLEMORE WAY
2726,GUILD STREET
2727,SAINT TERESA'S LANE
2728,LOMBARD STREET WEST
2729,CLIFTONVILLE ROAD
2730,SHANOWEN PARK
2731,GLASANAON PARK
2732,LORCAN CRESCENT
2733,DAVITT ROAD
2734,DENMARK STREET GREAT
2735,ALDRIN WALK
2736,CONVENT WAY
2737,ROYAL HIBERNIAN WAY
2738,CLARE HALL AVENUE
2739,FITZROY AVENUE
2740,HOLLYBROOK COURT DRIVE
2741,TEMPLE STREET WEST
2742,CASTLE STREET
2743,SAINT DONAGH'S PARK
2744,SOMERVILLE AVENUE
2745,SHERKIN GARDENS
2746,PARKVIEW CLOSE
2747,CAMDEN STREET LOWER
2748,GLASNEVIN DOWNS
2749,HENRIETTA STREET
2750,BELCLARE WAY
2751,CLARENDON ROW
2752,GOLDENBRIDGE WALK
2753,FITZWILLIAM QUAY
2754,ASHINGTON CLOSE
2755,CHARLEVILLE AVENUE
2756,CHURCHWELL ROAD
2757,ELM PARK
2758,BEAVER CLOSE
2759,CULLENSWOOD ROAD
2760,PAUL STREET
2761,ASHINGTON PARK
2762,CAMERON STREET
2763,CARLISLE COURT
2764,SAINT LAURENCE GROVE
2765,CHURCH AVENUE
2766,ALL SAINTS PARK
2767,CARLETON ROAD
2768,HOLLYBROOK PARK
2769,GLENBROOK ROAD
2770,GRATTAN PLACE
2771,ANNESLEY PLACE
2772,TORLOGH PARADE
2773,BEAUMONT ROAD
2774,SEVILLE TERRACE
2775,FOSTER TERRACE
2776,MARYFIELD CRESCENT
2777,ORCHARD PARK
2778,FOXFIELD DRIVE
2779,VALEVIEW DRIVE
2780,CHARLES LANE
2781,GRAHAM'S ROW
2782,SAINT ANNE'S DRIVE
2783,SCHOOL STREET
2784,TUSCANY DOWNS
2785,BREMEN AVENUE
2786,WESTHAMPTON PLACE
2787,COULTRY AVENUE
2788,QUEEN STREET
2789,RANELAGH ROAD
2790,BALLYNEETY ROAD
2791,KNOCKMAREE
2792,CLONMELLON GROVE
2793,MARSHALSEA LANE
2794,THE THATCH ROAD
2795,MAPLE DRIVE
2796,SAINT KEVIN'S PARK
2797,SCHOOLHOUSE LANE
2798,FAUGHART ROAD
2799,BERESFORD PLACE
2800,EAST ROAD
2801,SHANNON TERRACE
2802,CLONSHAUGH ROAD
2803,O'CONNELL STREET LOWER
2804,ENNIS GROVE
2805,CONOR CLUNE ROAD
2806,SAINT MARYS PARK
2807,STATION WAY
2808,KIMMAGE ROAD WEST
2809,MILLBOURNE AVENUE
2810,CARDS LANE
2811,ENAVILLE ROAD
2812,ORMOND PLACE
2813,BERKELEY PLACE
2814,GRANGE PARK RISE
2815,EGLINTON COURT
2816,MOUNT DRUMMOND COURT
2817,ERNE PLACE LITTLE
2818,BROOKFIELD STREET
2819,SHAMROCK TERRACE
2820,OAKPARK AVENUE
2821,VERNON GROVE
2822,HAMPTON GREEN
2823,WALKINSTOWN CRESCENT
2824,EVERTON AVENUE
2825,SOUTH BANK QUAY
2826,ELM MOUNT RISE
2827,HALLIDAY ROAD
2828,PEMBROKE COTTAGES
2829,SAINT AIDAN'S PARK ROAD
2830,MANGERTON ROAD
2831,BEECHMOUNT COURT
2832,CADOGAN ROAD
2833,CAMDEN COURT
2834,LADYS LANE
2835,SYNGE STREET
2836,ANNAMOE TERRACE
2837,CLARKES TERRACE
2838,OUR LADY'S ROAD
2839,WOODLAWN COURT
2840,CREMORE CRESCENT
2841,ANNAMOE PARK
2842,SUMMERVILLE
2843,MOATVIEW AVENUE
2844,CASHEL ROAD
2845,CLOONLARA CRESCENT
2846,DARNDALE ESTATE ROAD NO. 12
2847,WILFRID ROAD
2848,DOMINICK STREET LOWER
2849,SOMERSET STREET
2850,SAINT MARTIN'S DRIVE
2851,THE GLEN
2852,SPERRIN ROAD
2853,WESTBOURNE ROAD
2854,DUNSINK AVENUE
2855,MARY STREET LITTLE
2856,KILFENORA DRIVE
2857,BENEAVIN COURT
2858,KINVARA ROAD
2859,FORTFIELD ROAD
2860,JAMESTOWN INDUSTRIAL CENTRE
2861,GREAT WESTERN AVENUE
2862,ORANMORE CLOSE
2863,COOK STREET
2864,PALMERSTON COURT
2865,DURHAM ROAD
2866,PRUSSIA STREET
2867,GLASANAON ROAD
2868,MOUNTJOY LANE
2869,SAINT JOHNS ROAD
2870,CASTLEFORBES ROAD
2871,FITZWILLIAM LANE
2872,KILFENORA ROAD
2873,EARL STREET NORTH
2874,WHITEFRIAR STREET
2875,OFFALY ROAD
2876,CLONTARF ROAD
2877,CLEGGAN AVENUE
2878,HORTON COURT
2879,ARDARA AVENUE
2880,CLARENCE MANGAN ROAD
2881,TRAYNOR PLACE
2882,SUMMER PLACE
2883,MARION VILLAS
2884,GOFTON HALL
2885,FOXHILL WAY
2886,GORTBEG PARK
2887,MOUNT PROSPECT PARK
2888,MARIGOLD CRESCENT
2889,PEARSE STREET
2890,CLANRANALD ROAD
2891,GLENFARNE ROAD
2892,DARLEY'S TERRACE
2893,SAINT FINTAN TERRACE
2894,CRAMPTON COURT
2895,CHARLESTON ROAD
2896,SOUTH WILLIAM STREET
2897,FERGUSON ROAD
2898,LANSDOWNE VALLEY
2899,RIVERSDALE AVENUE
2900,GRANGEMORE PARK
2901,OSSORY ROAD
2902,WARRINGTON PLACE
2903,COLLINS PLACE
2904,LEUKOS ROAD
2905,SOUTH BANK ROAD
2906,WEAVERS SQUARE
2907,CHANEL GROVE
2908,ENNAFORT DRIVE
2909,RUTLEDGE TERRACE
2910,WALKINSTOWN ROAD
2911,MONCK PLACE
2912,CLADDAGH ROAD
2913,SANDFORD ROAD
2914,OLAF ROAD
2915,RIALTO COTTAGES-FOURTH AVENUE
2916,DARNDALE SERVICE ROAD
2917,CLANWILLIAM SQUARE
2918,ALBANY ROAD
2919,BREMEN ROAD
2920,PEMBROKE GARDENS
2921,CLAREMONT AVENUE
2922,DUFFERIN AVENUE
2923,RICHMOND LODGE
2924,EXCHANGE STREET UPPER
2925,RATHMINES CLOSE
2926,HOLLYBANK AVENUE LOWER
2927,CALDERWOOD AVENUE
2928,MILLTOWN PATH
2929,BEAUVALE PARK
2930,PALMERSTON VILLAS
2931,STIRRUP LANE
2932,SHANGANAGH ROAD
2933,GARTAN AVENUE
2934,TRAMWAY COTTAGES
2935,RUTLAND AVENUE
2936,BEACH DRIVE
2937,KILMORE DRIVE
2938,BARRY DRIVE
2939,RIVERSDALE GROVE
2940,SUMMER ARCH
2941,LUCKY LANE
2942,MERCHANTS QUAY
2943,TEMPLE BAR SQUARE
2944,JAMES'S STREET
2945,CHURCHWELL CLOSE
2946,BALLYBOGGAN INDUSTRIAL ESTATE
2947,CHANCERY STREET
2948,BEECHLAWN GROVE
2949,FREDERICK WALK
2950,RIALTO COTTAGES-THIRD AVENUE
2951,EMERALD SQUARE
2952,Lynchs Lane
2953,CREMORE PARK
2954,ORR'S TERRACE
2955,GREENWOOD PARK
2956,ARDBEG ROAD
2957,CROSSTICK ALLEY
2958,O'LEARY ROAD
2959,MERRION ROW
2960,HIGH PARK
2961,RAHENY ROAD
2962,BIGGER LANE
2963,SOUTH HILL
2964,DONOVAN LANE
2965,TAYLOR'S LANE
2966,ROYAL CANAL COURT
2967,DOLLYMOUNT GROVE
2968,SHANGLAS ROAD
2969,KERLOGUE ROAD
2970,PRIORY EAST
2971,VIKING ROAD
2972,FORESTWOOD CLOSE
2973,CORK STREET
2974,MOLESWORTH PLACE
2975,SAINT DECLAN'S TERRACE
2976,BOTANIC SQUARE
2977,HAMILTON STREET
2978,ANNESLEY CLOSE
2979,CHARLES STREET GREAT
2980,BERRYFIELD ROAD
2981,LABRE PARK
2982,LA TOUCHE COURT
2983,WELLMOUNT ROAD
2984,THE BRAMBLINGS
2985,CONNAUGHT STREET
2986,FREDERICK STREET SOUTH
2987,GRANGE PARK ROAD
2988,BANN ROAD
2989,CAMBRIDGE PARK
2990,GREENLEA ROAD
2991,KEEGANS COTTAGES
2992,PIM STREET
2993,SLADEMORE COURT
2994,EMOR STREET
2995,HERBERT STREET
2996,MOUNTAIN VIEW ROAD
2997,NORWOOD PARK
2998,DAVID PARK
2999,SANDYHILL WAY
3000,FOXHILL CLOSE
3001,BLACKHEATH PARK
3002,MARLBOROUGH MEWS
3003,AUNGIER PLACE
3004,NEWTOWN AVENUE
3005,MOSS STREET
3006,COLLEGE STREET
3007,ARDBEG DRIVE
3008,NORTHBROOK WALK
3009,ROSSMORE DRIVE
3010,COLES LANE
3011,MAYFIELD
3012,SYBIL HILL AVENUE
3013,MAYFIELD ROAD
3014,GLENHILL ROAD
3015,BRIDGE STREET
3016,MANOR STREET
3017,LA TOUCHE ROAD
3018,JOHNSON'S COURT
3019,HALLIDAY SQUARE
3020,SEAN MOORE ROAD
3021,ANNESLEY AVENUE
3022,O'SULLIVAN AVENUE
3023,TRINITY TERRACE
3024,VILLA PARK ROAD
3025,LEO STREET
3026,ARDLEA ROAD
3027,JOHN FIELD ROAD
3028,SILLOGE AVENUE
3029,ASHINGTON GARDENS
3030,PARK STREET WEST
3031,NEWCOMEN BRIDGE
3032,PRIMROSE AVENUE
3033,ELMFIELD VALE
3034,NEWMARKET STREET
3035,COOLOCK LANE
3036,SHAMROCK COTTAGES
3037,EASTWOOD
3038,ROSEMOUNT AVENUE
3039,CHARLEMONT BRIDGE
3040,GRANGE LODGE AVENUE
3041,PLUNKETT CRESCENT
3042,PINEWOOD AVENUE
3043,SYKE'S LANE
3044,NORTHBROOK AVENUE UPPER
3045,PINEBROOK DRIVE
3046,GERALD STREET
3047,CHELMSFORD ROAD
3048,SHELBOURNE VILLAGE
3049,MAYFIELD ROAD EAST
3050,GEORGE'S PLACE
3051,FATHER MATTHEW SQUARE
3052,OLIVER ALLEY
3053,MACROOM AVENUE
3054,DILLON PLACE SOUTH
3055,GARVILLE PLACE
3056,DOMINICK LANE
3057,ELMDALE PARK
3058,RUGBY ROAD
3059,MILLTOWN AVENUE
3060,FENIAN STREET
3061,GRANBY LANE
3062,GREENCASTLE DRIVE
3063,MCKEE PARK
3064,MULROY ROAD
3065,SHANDON DRIVE
3066,AUSTINS COTTAGES
3067,ELMFIELD DRIVE
3068,ASHLING CLOSE
3069,BERESFORD STREET
3070,LARAGH CLOSE
3071,SEAVIEW AVENUE NORTH
3072,HIGH STREET
3073,TEMPLE BAR
3074,ORWELL ROAD
3075,NEW ROW SQUARE
3076,FAITH AVENUE
3077,NICHOLAS STREET
3078,TEMPLE VIEW WAY
3079,THE GASWORKS
3080,KEMPTON COURT
3081,OLD MOUNT PLEASANT
3082,RATHGAR PLACE
3083,BEECH HILL ROAD
3084,BRANDON ROAD
3085,JANEVILLE
3086,STABLE LANE
3087,DUNSINK GREEN
3088,ANGLESEA ROAD
3089,FOXHILL COURT
3090,FITZWILLIAM SQUARE WEST
3091,PERCY CLOSE
3092,POOLBEG STREET
3093,DERMOT O'HURLEY AVENUE
3094,MABEL STREET
3095,SAINT JOHN'S COURT
3096,RAMPART LANE
3097,RATHVILLY ROAD
3098,GREENWOOD COURT
3099,GRENVILLE LANE
3100,OLDTOWN PARK
3101,ELMFIELD WALK
3102,SAINT KEVIN'S AVENUE
3103,CHURCHGATE AVENUE
3104,WOODLAWN CRESCENT
3105,ESTATE AVENUE
3106,DAVIS PLACE
3107,DRURY STREET
3108,NEW ROAD
3109,INGRAM ROAD
3110,BOW LANE EAST
3111,BULFIN COURT
3112,SEAPARK
3113,GLENDHU ROAD
3114,CHURCH PARK COURT
3115,LYNCH'S PLACE
3116,DURROW ROAD
3117,MARIGOLD COURT
3118,SHANLISS GARDENS
3119,CLONMORE TERRACE
3120,HANOVER QUAY
3121,DRAPIER ROAD
3122,BELCAMP GARDENS
3123,CLAREVILLE COURT
3124,PINE HURST
3125,SAINT AUDOEN'S TERRACE
3126,SUSANVILLE ROAD
3127,GLOUCESTER PLACE
3128,BOTANIC MEWS
3129,GILFORD COURT
3130,OXFORD ROAD
3131,LEICESTER AVENUE
3132,HOGAN AVENUE
3133,GREENDALE COURT
3134,RAILWAY AVENUE
3135,PARK WEST AVENUE
3136,BELCLARE CRESCENT
3137,CAROLINE ROW
3138,BROOKWOOD AVENUE
3139,CANON LILLIS AVENUE
3140,CLEGGAN ROAD
3141,CROWN ALLEY
3142,DARLEY STREET
3143,GRACEFIELD COURT
3144,INCHICORE SQUARE WEST
3145,KILBRIDE ROAD
3146,MERRION SQUARE WEST
3147,SUMMERHILL
3148,VERNON AVENUE
3149,BOW BRIDGE
3150,FOXFIELD SAINT JOHN
3151,BELCAMP GREEN
3152,DODDER TERRACE
3153,GROVE WOOD
3154,SHANDON CRESCENT
3155,THORNDALE PARK
3156,FUMBALLY LANE
3157,SAINT JOHNS COURT
3158,SYBIL HILL ROAD
3159,FRIARY AVENUE
3160,SHERRARD STREET LOWER
3161,ELMFIELD GROVE
3162,BUTT BRIDGE
3163,TARA LAWN
3164,GLENCAR ROAD
3165,COLBERT'S FORT
3166,MERRION CLOSE
3167,DERRY DRIVE
3168,PARLIAMENT STREET
3169,BLESSINGTON STREET
3170,MAYWOOD PARK
3171,SAINT MARY'S LANE
3172,THE CLOSE
3173,AIDEEN AVENUE
3174,SAINT BRIGID'S AVENUE
3175,TEMPLE VIEW COURT
3176,SPENCER ROW
3177,TYRCONNELL ROAD
3178,FAUSSAGH ROAD
3179,WADELAI GREEN
3180,PIMLICO COTTAGES
3181,HAZELBROOK DRIVE
3182,EARL PLACE
3183,WINDMILL CRESCENT
3184,SYDENHAM COURT
3185,ASHFORD STREET
3186,PARK TERRACE
3187,SAINT JOSEPHS VILLAS
3188,KILWORTH ROAD
3189,EAGLE PARK
3190,SAINT GABRIEL'S ROAD
3191,TOLKA VALLEY VIEW
3192,ENGINE ALLEY
3193,BRIAN TERRACE
3194,LANSDOWNE VILLAGE
3195,GLENEALY ROAD
3196,THE CRESCENT
3197,FOXFIELD HEIGHTS
3198,PALMERSTON CLOSE
3199,REUBEN STREET
3200,WELLMOUNT CRESCENT
3201,HANOVER LANE
3202,STRANDVILLE PLACE
3203,YORK STREET
3204,SHANOWEN DRIVE
3205,ABBOTSTOWN DRIVE
3206,BACHELORS WALK
3207,RAYMOND STREET
3208,SAINT STEPHENS GREEN NORTH
3209,ELTON WALK
3210,WILLOW PARK CRESCENT
3211,SAINT BRIGID'S GREEN
3212,RED COW LANE
3213,CHURCH SQUARE
3214,ORCHARD WAY
3215,CULLENSWOOD GARDENS
3216,ELMFIELD RISE
3217,ELMFIELD LAWN
3218,ARDBEG CRESCENT
3219,ARDCOLLUM AVENUE
3220,COBURG PLACE
3221,LOUGH CONN ROAD
3222,LANGRISHE PLACE
3223,SEAN O' CASEY AVENUE
3224,SILLOGE GARDENS
3225,TOWER VIEW COTTAGES
3226,SULLIVAN STREET
3227,HAMILTON COURT
3228,SHIP STREET GREAT
3229,CRESTFIELD CLOSE
3230,BLUEBELL ROAD
3231,CAMAC COURT
3232,HOLYROOD PARK
3233,LANSDOWNE PARK
3234,HOLLYBANK AVENUE UPPER
3235,EGLINTON SQUARE
3236,SMITHFIELD
3237,LYNDON GATE
3238,GALLAUN ROAD
3239,GLOUCESTER LANE
3240,PHILOMENA TERRACE
3241,BELLEVUE AVENUE
3242,SHANLISS PARK
3243,ARGYLE ROAD
3244,CEDARWOOD PARK
3245,HARBOURMASTER PLACE
3246,CLOONLARA ROAD
3247,DOLLYMOUNT RISE
3248,LINDSAY ROAD
3249,RATHFARNHAM ROAD
3250,GLASNEVIN PARK
3251,TEMPLE VIEW SQUARE
3252,WERBURGH STREET
3253,AILESBURY PARK
3254,GREENORE COURT
3255,MOUNT PROSPECT AVENUE
3256,CROMWELLS QUARTERS
3257,CHRISTCHURCH PLACE
3258,ARBUTUS PLACE
3259,KILBARRACK ROAD
3260,BLACKHALL STREET
3261,BRIDGEFOOT STREET
3262,SELSKAR TERRACE
3263,SEAFIELD GROVE
3264,CASTLETIMON DRIVE
3265,MERLYN PARK
3266,GREENCASTLE AVENUE
3267,MOUNTPLEASANT PLACE
3268,VALLEY PARK ROAD
3269,ROYAL CANAL AVENUE
3270,HARCOURT TERRACE LANE
3271,FARNEY PARK
3272,RIVERSIDE CRESCENT
3273,CHURCHWELL CRESCENT
3274,BESSBOROUGH AVENUE
3275,BASIN STREET UPPER
3276,BELVIEW
3277,TEMPLE VIEW LAWN
3278,BRUNSWICK PLACE
3279,GRANGE PARK AVENUE
3280,O'NEILL'S BUILDINGS
3281,OAKWOOD ROAD
3282,DONORE AVENUE
3283,COOLGARIFF ROAD
3284,SCRIBBLESTOWN PARK
3285,GLENAYLE ROAD
3286,SANDWITH STREET UPPER
3287,HANNAVILLE PARK
3288,FOXHILL AVENUE
3289,SHAMROCK PLACE
3290,SAINT PATRICK'S CLOSE
3291,GLENAAN ROAD
3292,MOUNTJOY SQUARE WEST
3293,NEW STREET GARDENS
3294,CLONFERT ROAD
3295,FORBES STREET
3296,PLUNKETT AVENUE
3297,FAIRVIEW PASSAGE
3298,GRANGE PARK VIEW
3299,SPENCER PLACE
3300,BROOKWOOD GLEN
3301,ISLAND VILLA
3302,TENTERFIELDS
3303,KILMAINHAM LANE
3304,CASEMENT PARK
3305,FOXHILL DRIVE
3306,GODFREY PLACE
3307,CEDARWOOD GREEN
3308,FINGAL PLACE
3309,HILL STREET
3310,KILMORONEY CLOSE
3311,BEECHDALE MEWS
3312,BELGRAVE SQUARE SOUTH
3313,SAINT ASSAM'S ROAD EAST
3314,KYLEMORE PARK SOUTH
3315,BROWN STREET SOUTH
3316,VERONICA TERRACE
3317,MALONE GARDENS
3318,CARRIGALLEN DRIVE
3319,RATHMINES AVENUE
3320,BALFE ROAD EAST
3321,MARTELLO MEWS
3322,WESTFIELD ROAD
3323,STELLA AVENUE
3324,GREENCASTLE CRESCENT
3325,GLIN DRIVE
3326,CAMPBELL'S PLACE
3327,SAINT MOBHI ROAD
3328,SLIEVEMORE ROAD
3329,NEWCOMEN COURT
3330,CLONTURK GARDENS
3331,GLOUCESTER STREET SOUTH
3332,CHERRYMOUNT CRESCENT
3333,SUNBURY PARK
3334,DUNBUR
3335,DOMINICK PLACE
3336,OAKPARK GROVE
3337,MAUNSELL PLACE
3338,GILFORD ROAD
3339,MOUNT STREET CRESCENT
3340,LUCAN ROAD
3341,SCHOOLHOUSE LANE WEST
3342,WINDSOR ROAD
3343,WILFIELD PARK
3344,CAPEL STREET
3345,NEWBRIDGE DRIVE
3346,BALLSBRIDGE PARK
3347,WESTLAND COURT
3348,CASTLE VIEW
3349,RATOATH ESTATE
3350,GROSVENOR SQUARE
3351,ANNE STREET SOUTH
3352,TORLOGH GARDENS
3353,NEAGH ROAD
3354,ARBOUR HILL
3355,CONVENT AVENUE
3356,DUNSINK GARDENS
3357,GILFORD TERRACE
3358,RINGSEND PARK
3359,RATHGAR AVENUE
3360,MOUNT EDEN ROAD
3361,LORCAN O'TOOLE COURT
3362,CARROW ROAD
3363,EBLANA VILLAS
3364,KILMORE AVENUE
3365,MONTPELIER DRIVE
3366,D'OLIER STREET
3367,FALCARRAGH ROAD
3368,RAVENSDALE DRIVE
3369,BALCURRIS CLOSE
3370,BAGGOTRATH PLACE
3371,AUGHAVANNAGH ROAD
3372,LEMON STREET
3373,PARK AVENUE
3374,FIELD AVENUE
3375,SPITALFIELDS
3376,WOLFE TONE QUAY
3377,WELLINGTON STREET UPPER
3378,WILLIAMS PLACE UPPER
3379,WINDMILL PARK
3380,WINTON ROAD
3381,SHAWS LANE
3382,SLANE ROAD
3383,SANTRY COURT
3384,HOEY'S COURT
3385,KINVARA GROVE
3386,MALPAS TERRACE
3387,RATHBORNE GROVE
3388,DRUMMOND PLACE
3389,FAIRVIEW GREEN
3390,HOLYWELL ROAD
3391,GRATTAN COURT EAST
3392,NEVILLE ROAD
3393,BALFE STREET
3394,CAPPAGH GREEN
3395,PRINCE'S STREET SOUTH
3396,CASTLEVIEW
3397,LISMEEN GROVE
3398,BURLINGTON ROAD
3399,SAINT ANNE'S ROAD SOUTH
3400,COWPER GARDENS
3401,TEMPLE STREET
3402,CLANCARTHY ROAD
3403,EATON ROAD
3404,NORTHBROOK AVENUE LOWER
3405,LAUREL PLACE
3406,SAINT ATTRACTA ROAD
3407,CHURCHWELL GROVE
3408,ASH STREET
3409,OAKWOOD CLOSE
3410,SAINT ASSAM'S PARK
3411,LEIN PARK
3412,CHARLEVILLE MALL
3413,PURSER GARDENS
3414,GRANGE LODGE COURT
3415,SAINT HELENA'S COURT
3416,BOTANIC AVENUE
3417,FORTFIELD GARDENS
3418,SAINT JOSEPH'S ROAD
3419,SAINT BRENDANS DRIVE
3420,KNOCKNAREA AVENUE
3421,SAINT MARGARETS AVENUE
3422,WATERMILL ROAD
3423,WOODSIDE
3424,GRENVILLE STREET
3425,IMAAL ROAD
3426,WILTON TERRACE
3427,DERRAVARAGH ROAD
3428,ASHDALE AVENUE
3429,GRANGE PARK GREEN
3430,DONNELLAN AVENUE
3431,PARKVIEW GREEN
3432,MOUNTAIN VIEW AVENUE
3433,CLANBRASSIL STREET UPPER
3434,ALMEIDA AVENUE
3435,COLDCUT ROAD
3436,ROGER'S LANE
3437,BEAU PARK STREET
3438,DAKOTA COURT
3439,IVEAGH GARDENS
3440,IONA CRESCENT
3441,LOVE LANE NORTH
3442,WILLIAMS LANE
3443,NORTHWAY ESTATE
3444,TOWER AVENUE
3445,CHURCH STREET EAST
3446,GALTYMORE CLOSE
3447,MERRION ROAD
3448,SAINT DAVID'S WOOD
3449,COOLOCK VILLAGE CLOSE
3450,WALNUT WALK
3451,FOXHILL GROVE
3452,ASHFIELD AVENUE
3453,RATHVALE AVENUE
3454,COLEPARK ROAD
3455,CUMBERLAND STREET NORTH
3456,ERNE TERRACE FRONT
3457,BEGGAR'S BUSH COURT
3458,EATON HALL
3459,MOATFIELD ROAD
3460,ROSE GLEN MANOR
3461,BEDFORD ROW
3462,FITZWILLIAM STREET
3463,DARLING ESTATE
3464,PYRO VILLAS
3465,KINGS AVENUE
3466,RAVENSDALE ROAD
3467,BALFE AVENUE
3468,MERTON DRIVE
3469,WEST TERRACE
3470,BALLYFERMOT DRIVE
3471,MOUNTSHANNON ROAD
3472,GLENMORE ROAD
3473,WOODLAWN VIEW
3474,BARNEWALL DRIVE
3475,LEESON STREET LOWER
3476,MOUNT STREET UPPER
3477,OAKWOOD PARK
3478,ENNAFORT AVENUE
3479,CHANCERY PLACE
3480,GLOUCESTER PLACE LOWER
3481,WHITETHORN AVENUE
3482,MERRION COURT
3483,SEAN HEUSTON BRIDGE
3484,ALBERT COLLEGE CRESCENT
3485,NEWTOWN PARK
3486,RUGBY VILLAS
3487,MELLOWES COURT
3488,RATHBORNE COURT
3489,BALLYSHANNON ROAD
3490,EMMET COURT
3491,WEST ROAD
3492,SEAFORT TERRACE
3493,OBSERVATORY LANE
3494,GRATTAN COURT WEST
3495,CHAPEL LANE
3496,ENNEL DRIVE
3497,PRIORY ROAD
3498,SAINT JOHNS WOOD
3499,CULLENSWOOD PARK
3500,NEW STREET SOUTH
3501,DONNYBROOK CASTLE
3502,PEMBROKE PLACE
3503,RIALTO BUILDINGS
3504,CARLINGFORD ROAD
3505,ALEXANDRA TERRACE
3506,SKREEN ROAD
3507,HARMONY AVENUE
3508,HAZEL PARK
3509,ROBERT PLACE
3510,GRACE PARK AVENUE
3511,ORMOND SQUARE
3512,FOURTH AVENUE
3513,VAUXHALL AVENUE
3514,ORMOND STREET
3515,CRAMPTON QUAY
3516,FITZMAURICE ROAD
3517,PALMERSTON LANE
3518,CROMCASTLE PARK
3519,MARINO PARK AVENUE
3520,BELVIDERE AVENUE
3521,SAINT MARGARET'S ROAD
3522,BELTON PARK ROAD
3523,BROOKWOOD DRIVE
3524,DONNYBROOK CLOSE
3525,LEESON CLOSE
3526,MERTON CRESCENT
3527,DUNSINK PARK
3528,GROVE PARK
3529,GREENMOUNT LANE
3530,CHATHAM ROW
3531,CORN EXCHANGE PLACE
3532,RATHBORNE CLOSE
3533,SYDENHAM ROAD
3534,MARYFIELD DRIVE
3535,CLANMAHON ROAD
3536,ANNER ROAD
3537,BENEAVIN DRIVE
3538,HAYMARKET
3539,CAMAC CLOSE
3540,AIDEEN DRIVE
3541,WILLSBOROUGH APARTMENTS
3542,STORE STREET
3543,ALDBOROUGH SQUARE
3544,CASINO ROAD
3545,BROOKWOOD CRESCENT
3546,SHANBOLEY ROAD
3547,MEADE'S TERRACE
3548,BUNRATTY AVENUE
3549,ECCLES PLACE
3550,LAUNDRY LANE
3551,ARRAN QUAY TERRACE
3552,ASHINGTON COURT
3553,THE VIEW
3554,BALBUTCHER DRIVE
3555,DUNARD DRIVE
3556,WOLSELEY STREET
3557,HOWARD STREET
3558,CREMORE LAWN
3559,PEMBROKE STREET LOWER
3560,CORMAC TERRACE
3561,BALLYFERMOT PARADE
3562,MCKEE AVENUE
3563,BEECH HILL AVENUE
3564,CUMBERLAND ROAD
3565,LONGFORD STREET LITTLE
3566,LYNCH'S LANE
3567,GLANDORE ROAD
3568,ARMAGH ROAD
3569,HARMONY ROW
3570,CLARENCE PLACE GREAT
3571,MEETINGHOUSE LANE
3572,BARNVILLE GREEN
3573,ROYAL CANAL TERRACE
3574,SYNNOTT ROW
3575,THE MEADOWS
3576,BALLYBOGGAN ROAD
3577,GROVE PARK AVENUE
3578,HENDRICK LANE
3579,SAINT VINCENTS COURT
3580,HARRINGTON STREET
3581,FAIRVIEW AVENUE LOWER
3582,LEESON VILLAGE
3583,THE PADDOCK
3584,BEECHWOOD ROAD
3585,CLOVERHILL ROAD
3586,PARK LAWN
3587,FERGUS ROAD
3588,AYREFIELD ROAD
3589,IONA DRIVE
3590,SOMERVILLE DRIVE
3591,HOEY CLOSE
3592,ASTON QUAY
3593,CLOONLARA DRIVE
3594,PUMP ALLEY
3595,HAROLD'S CROSS ROAD
3596,LEINSTER PARK
3597,FAIRVIEW AVENUE UPPER
3598,TEMPLEMORE AVENUE
3599,SAINT JAMES'S PLACE
3600,LAURELTON
3601,DEVERELL PLACE
3602,ELM MOUNT VIEW
3603,PATRICKSWELL PLACE
3604,RATHVILLY PARK
3605,ASHFIELD ROAD
3606,HAVELOCK PLACE
3607,GEOFFREY KEATING ROAD
3608,CHURCHWELL AVENUE
3609,WHITWORTH PARADE
3610,VIOLET HILL PARK
3611,SIBTHORPE LANE
3612,NAVAN ROAD
3613,ROCK LANE
3614,GROSVENOR ROAD
3615,WIGAN ROAD
3616,FITZGIBBON STREET
3617,CATHEDRAL LANE
3618,FREDERICK STREET NORTH
3619,LEAHY'S TERRACE
3620,BUNRATTY DRIVE
3621,HARCOURT TERRACE
3622,VICAR STREET
3623,KENILWORTH MANOR
3624,DUKE LANE UPPER
3625,CRAIGFORD AVENUE
3626,VERNON COURT
3627,LEINSTER STREET SOUTH
3628,SAINT ANNE'S ROAD
3629,DEAN SWIFT SQUARE
3630,BENEAVIN PARK
3631,MAXWELL LANE
3632,SUIR BRIDGE
3633,HARCOURT LODGE
3634,CEDAR BROOK WALK
3635,MOUNTPLEASANT VILLAS
3636,NUTLEY SQUARE
3637,KEMPTON AVENUE
3638,BLUEBELL LANE
3639,BELLA AVENUE
3640,WHITETHORN CLOSE
3641,O'DWYER ROAD
3642,WATERFALL ROAD
3643,RATOATH ROAD
3644,FLEET STREET
3645,KILLALA ROAD
3646,BASS PLACE
3647,KEARN'S PLACE
3648,MAYWOOD CRESCENT
3649,FINDLATER PLACE
3650,COULTRY CLOSE
3651,ELMDALE DRIVE
3652,HOME VILLAS
3653,HAMILTON ROW
3654,OLDTOWN ROAD
3655,MORROGH TERRACE
3656,TRANQUILITY GROVE
3657,BEECH HILL CRESCENT
3658,HOWTH JUNCTION COTTAGES
3659,HERBERT ROAD
3660,WOODLAWN GREEN
3661,HAMPSTEAD COURT
3662,FISHAMBLE STREET
3663,MOATVIEW GARDENS
3664,SAINT BRENDANS ROAD
3665,SAINT MICHAEL'S CLOSE
3666,HATTER'S LANE
3667,CARDIFFSBRIDGE ROAD
3668,WINDELE ROAD
3669,TALBOT PLACE
3670,MC MORROUGH ROAD
3671,WILFRID TERRACE
3672,GLENSHESK ROAD
3673,RATHLIN ROAD
3674,BROOKWOOD GROVE
3675,BLACKDITCH ROAD
3676,FAIRLAWN PARK
3677,THE PADDOCKS
3678,RIBH AVENUE
3679,BEAU PARK MEWS
3680,O'BRIEN ROAD
3681,MERRION STREET UPPER
3682,LORCAN GROVE
3683,IONA ROAD
3684,CHELMSFORD LANE
3685,BEREHAVEN PLACE
3686,DUNARD AVENUE
3687,BARNAMORE GROVE
3688,GARDINER LANE
3689,GRANGE PARK CRESCENT
3690,GREENVILLE TERRACE
3691,MERLYN ROAD
3692,CLONSHAUGH HEIGHTS
3693,PARKVIEW AVENUE
3694,RIVER ROAD
3695,SHELBOURNE AVENUE
3696,THORNDALE GROVE
3697,HAROLDVILLE AVENUE
3698,MOURNE ROAD
3699,NEWTOWN COTTAGES
3700,MAY STREET
3701,WELLINGTON LANE
3702,WOLFE TONE STREET
3703,WELLINGTON ROAD
3704,AUBURN AVENUE
3705,RICHMOND PARADE
3706,BELMONT COURT
3707,GROSVENOR PLACE
3708,CEDARWOOD CLOSE
3709,INCHICORE PARADE
3710,MOATVIEW TERRACE
3711,ARRANMORE ROAD
3712,HAROLD'S CROSS COTTAGES
3713,HADDON PARK
3714,AYREFIELD COURT
3715,BLACKHEATH AVENUE
3716,RAFTERS LANE
3717,SIMMONSCOURT AVENUE
3718,WILTON PLACE
3719,RATHDOWN VILLAS
3720,CLONSHAUGH GREEN
3721,QUARRY ROAD
3722,FERRYCARRIG ROAD
3723,ANNAMOE ROAD
3724,SETANTA PLACE
3725,PROBY'S LANE
3726,SAINT KEVIN'S PARADE
3727,NEWGROVE ESTATE
3728,BACHELORS WAY
3729,DE COURCY SQUARE
3730,WELLMOUNT DRIVE
3731,NEWBURY GROVE
3732,DONNYCARNEY ROAD
3733,LIFFEY BRIDGE
3734,GROVE PARK CRESCENT
3735,FERRYMANS CROSSING
3736,CELESTINE AVENUE
3737,ARKLOW STREET
3738,BERRYFIELD CRESCENT
3739,KIMMAGE GROVE
3740,SAINT MARYS AVENUE WEST
3741,ACHILL ROAD
3742,AVONDALE ROAD
3743,INCHICORE ROAD
3744,BOYNE STREET
3745,LARAGH GROVE
3746,WHITE'S LANE
3747,GRAFTON STREET
3748,THOMAS COURT
3749,CUCKOO LANE
3750,HARCOURT ROAD
3751,THE STEEPLES
3752,FARNHAM CRESCENT
3753,SWEENEY'S TERRACE
3754,OLD ABBEY STREET
3755,CELTIC PARK AVENUE
3756,MOUNT PROSPECT LAWNS
3757,STILLORGAN ROAD
3758,LITTLE BRITAIN STREET
3759,EMERALD PLACE
3760,INCHICORE SQUARE SOUTH
3761,JAMESTOWN ROAD
3762,SYNGE PLACE
3763,GLENAULIN
3764,GLENGARRIFF PARADE
3765,USHERS LANE
3766,ROE LANE
3767,ARRAN STREET EAST
3768,INAGH ROAD
3769,LINENHALL TERRACE
3770,BEAU PARK CLOSE
3771,SAINT PATRICK'S ROAD
3772,SWAN PLACE
3773,MOREHAMPTON ROAD
3774,O'CONNELL AVENUE
3775,PARKGATE PLACE
3776,COOLGREENA CLOSE
3777,GALMOY ROAD
3778,CLANCY ROAD
3779,GRIFFITH DRIVE
3780,BOW LANE WEST
3781,SLADEMORE DRIVE
3782,CHARLES STREET WEST
3783,GORTBEG AVENUE
3784,CAMDEN BUILDINGS
3785,ANGLESEA STREET
3786,CLOVERHILL DRIVE
3787,PODDLE CLOSE
3788,ANGLESEA ROW
3789,DOWLING'S COURT
3790,CLONLIFFE SQUARE
3791,SWANWARD COURT
3792,SAINT MOBHI DRIVE
3793,KINCORA COURT
3794,FOXHILL GREEN
3795,NEPHIN ROAD
3796,O'NEACHTAIN ROAD
3797,GREAT WESTERN SQUARE SOUTH
3798,PEMBROKE STREET UPPER
3799,BROADSTONE AVENUE
3800,BELTON PARK GARDENS
3801,FOXHILL PARK
3802,BROOKWOOD HEIGHTS
3803,SOUTH LOTTS ROAD
3804,SAINT BROC'S COTTAGES
3805,ARDBEG PARK
3806,HUGHES ROAD EAST
3807,CHURCH WALK
3808,OAKWOOD AVENUE
3809,FAIRWAYS GROVE
3810,RAVENSDALE CLOSE
3811,THE GABLES
3812,DENZILLE LANE
3813,GREENLEA AVENUE
3814,LORCAN PARK
3815,TRINITY STREET
3816,VIKING PLACE
3817,BELGROVE PARK
3818,EFFRA ROAD
3819,SAINT PHILOMENA'S ROAD
3820,BRADOGUE COURT
3821,BELLEVILLE AVENUE
3822,BELCAMP AVENUE
3823,REDMOND'S COURT
3824,THORNVILLE ROAD
3825,BELFIELD COURT
3826,FATHER BIDONE COURT
3827,THIRD AVENUE
3828,CILL EANNA
3829,WOODVIEW CLOSE
3830,HADDINGTON ROAD
3831,LULLYMORE TERRACE
3832,CASTLETIMON AVENUE
3833,MANOR HOUSE VIEW
3834,HARCOURT LANE
3835,HARDWICKE PLACE
3836,HARTY PLACE
3837,KICKHAM ROAD
3838,MOUNT ARGUS PARK
3839,CORK HILL
3840,DARTRY COTTAGES
3841,OWEN'S AVENUE
3842,DARTRY ROAD
3843,CON COLBERT ROAD
3844,SWANS NEST ROAD
3845,TAAFFES PLACE
3846,FRANKFORT COTTAGES
3847,USHER'S QUAY
3848,AILESBURY GARDENS
3849,BRIGHTON GREEN
3850,WALKINSTOWN GREEN
3851,HOMELEE
3852,RUSSELL STREET
3853,WHITTON ROAD
3854,WOODHAZEL CLOSE
3855,SANDYMOUNT CASTLE PARK
3856,SUSSEX TERRACE
3857,CAMBRIDGE STREET
3858,NORTH WALL QUAY
3859,PINEBROOK RISE
3860,GREENFIELD PARK
3861,GROSVENOR LANE
3862,MANNIX ROAD
3863,ISLAND STREET
3864,BLACKHALL PARADE
3865,PETRIE ROAD
3866,KINVARA DRIVE
3867,BREGIA ROAD
3868,GRAY STREET
3869,CARNDONAGH PARK
3870,BATH LANE
3871,MALPAS PLACE
3872,BURN SIDE
3873,ENNEL AVENUE
3874,GRANGE ROAD
3875,GRAY SQUARE
3876,MILLMOUNT VILLAS
3877,SIMMONSCOURT
3878,LEITRIM PLACE
3879,ARMSTRONG WALK
3880,HAZELCROFT PARK
3881,DONNYBROOK MANOR
3882,TALBOT LANE
3883,ELM PARK TERRACE
3884,ADAM COURT
3885,BELMAYNE AVENUE
3886,DROMNANANE ROAD
3887,MISERY HILL
3888,DARNDALE ESTATE ROAD NO. 08
3889,TEMPLE VIEW GREEN
3890,THE PINES
3891,WILLIAMS PLACE LOWER
3892,NOTTINGHAM STREET
3893,ROSEGLEN ROAD
3894,DIGGES LANE
3895,WALKERS COTTAGES
3896,WHITWORTH ROAD
3897,MONTROSE COURT
3898,INCHICORE TERRACE SOUTH
3899,TYRCONNELL PARK
3900,AVONDALE PARK
3901,CROMWELLS FORT ROAD
3902,HARDWICKE STREET
3903,O'CONNELL STREET UPPER
3904,ELGIN ROAD
3905,CHERRYFIELD AVENUE LOWER
3906,CATHEDRAL VIEW COURT
3907,DE BURGH ROAD
3908,SAINT BRIGIDS COURT
3909,DRUMCONDRA PARK
3910,RYDERS ROW
3911,COULSON AVENUE
3912,PARK DRIVE
3913,VILLIERS ROAD
3914,BELLEVUE PARK AVENUE
3915,TRITONVILLE ROAD
3916,ESSEX GATE
3917,NEW ROW
3918,LEO AVENUE
3919,BOYNE ROAD
3920,KILBARRON ROAD
3921,ASHINGTON GROVE
3922,MOUNTJOY STREET MIDDLE
3923,CASEMENT ROAD LOWER
3924,RUTLAND PLACE
3925,EXCHEQUER STREET
3926,GRAND CANAL STREET UPPER
3927,MONTAGUE LANE
3928,KENILWORTH SQUARE EAST
3929,NEWGRANGE ROAD
3930,CHURCH LANE
3931,ANNADALE DRIVE
3932,ENNEL PARK
3933,HARDWICKE LANE
3934,COOLATREE CLOSE
3935,CLANBRASSIL STREET LOWER
3936,COWPER STREET
3937,MILLWOOD COURT
3938,LARKFIELD AVENUE
3939,O'DONOVAN ROAD
3940,WESTPARK
3941,WOODBINE CLOSE
3942,DRUMALEE PARK
3943,CASTLEKEVIN ROAD
3944,LENTISK LAWN
3945,PENROSE STREET
3946,SAINT MARY'S AVENUE NORTH
3947,COULTRY GROVE
3948,IRWIN COURT
3949,RECTORY GREEN
3950,VICTORIA TERRACE
3951,BELCAMP GROVE
3952,SLIEVEBLOOM ROAD
3953,CARDIFFSBRIDGE AVENUE
3954,DARNDALE ESTATE ROAD NO. 02
3955,SWAN YARD
3956,SAINT COLUMBAS ROAD LOWER
3957,DODDER VIEW COTTAGES
3958,EXCHANGE STREET LOWER
3959,DEANSTOWN DRIVE
3960,CAPPAGH DRIVE
3961,MARK'S LANE
3962,EMERALD STREET
3963,GROSVENOR PARK
3964,BELMAYNE PARK NORTH
3965,CLANWILLIAM PLACE
3966,WOODSTOCK COURT
3967,LITTLE GREEN STREET
3968,GREENLEA PLACE
3969,WELLINGTON QUAY
3970,ELY PLACE
3971,SEAFIELD ROAD EAST
3972,JOHN DILLON STREET
3973,CRESCENT PLACE
3974,SWIFT'S GROVE
3975,OLDTOWN AVENUE
3976,BRIARFIELD WALK
3977,BELVEDERE SQUARE
3978,ELLIS STREET
3979,NUGGET COTTAGES
3980,WOODLAWN AVENUE
3981,HAWTHORN TERRACE
3982,STEPHENS ROAD
3983,OLD KILMAINHAM VILLAGE
3984,THORNDALE CRESCENT
3985,SAINT ALPHONSUS ROAD UPPER
3986,RAILWAY TERRACE
3987,NORTHBROOK TERRACE
3988,LAVERTY COURT
3989,RICHMOND AVENUE SOUTH
3990,FITZPATRICK'S COTTAGES
3991,KNIGHTS BRIDGE
3992,CLINCHS COURT
3993,TEMPLE VIEW WALK
3994,HANOVER SQUARE
3995,BUTLER'S PEIR
3996,KILSHANE DRIVE
3997,LEIN ROAD
3998,LIMEWOOD AVENUE
3999,GALLANSTOWN LANE
4000,BALCURRIS ROAD
4001,MORNING STAR AVENUE
4002,BLACKHEATH COURT
4003,HAVERTY ROAD
4004,SERPENTINE PARK
4005,FERNS ROAD
4006,BLACK STREET
4007,CASINO PARK
4008,DUNMANUS COURT
4009,ASTON PLACE
4010,DARTMOUTH SQUARE NORTH
4011,GREENMOUNT SQUARE
4012,KEMPTON RISE
4013,SLANEY ROAD
4014,CLARE PARK VILLAS
4015,GLENTWORTH PARK
4016,MEADOWBANK
4017,BOTANIC PARK
4018,ERRIGAL GARDENS
4019,AUBURN STREET
4020,CASTLE COURT
4021,LAVARNA GROVE
4022,BAGGOT STREET UPPER
4023,NEWPORT STREET
4024,LANSDOWNE HALL
4025,CHAPEL CRESCENT
4026,NORTH ROAD
4027,INNISMORE
4028,EMMET CRESCENT
4029,COLLINS AVENUE
4030,NANIKIN AVENUE
4031,CLONTURK AVENUE
4032,SAINT CANICES PARK
4033,WALKINSTOWN PARADE
4034,DONAGHMEDE AVENUE
4035,SAINT AGNES ROAD
4036,LEINSTER STREET NORTH
4037,LINENHALL STREET
4038,SANDYMOUNT AVENUE
4039,ALBERT COURT EAST
4040,SHERIFF STREET LOWER
4041,THORNVILLE AVENUE
4042,WICKLOW LANE
4043,KENILWORTH PARK
4044,CHURCH STREET
4045,SAINT DAVIDS
4046,BELCAMP CRESCENT
4047,FOLEY STREET
4048,TIMBER MILLS
4049,IRVINE TERRACE
4050,RAILWAY CLOSE
4051,BEECHLAWN DRIVE
4052,PLUNKETT GREEN
4053,SAINT AUGUSTINE STREET
4054,THORNVILLE PARK
4055,BEAU PARK ROAD
4056,DARNDALE ESTATE ROAD NO. 10
4057,GRANGE PARK WALK
4058,DAWSON LANE
4059,MERVILLE AVENUE
4060,CHERRY ORCHARD CRESCENT
4061,GRATTAN STREET
4062,COLLINS COURT
4063,BETTYSTOWN AVENUE
4064,MERRION SQUARE NORTH
4065,COOLGREENA ROAD
4066,SEAMUS ENNIS ROAD
4067,MAYWOOD GROVE
4068,TERENURE ROAD WEST
4069,TOWNSEND STREET
4070,WOODBINE DRIVE
4071,OLD COUNTY ROAD
4072,BOW STREET
4073,CONYNGHAM ROAD
4074,MOUNT TEMPLE ROAD
4075,AYREFIELD PLACE
4076,LENNON'S COTTAGES
4077,SHANLISS AVENUE
4078,REGINALD STREET
4079,SWAN ALLEY
4080,LARKFIELD GROVE
4081,CHARLESTON AVENUE
4082,CARNA ROAD
4083,HAROLD ROAD
4084,WEAVERS STREET
4085,RAILWAY ROAD
4086,TYRCONNELL STREET
4087,CHURCH VIEW
4088,COPE STREET
4089,ABERCORN ROAD
4090,GARDINER STREET UPPER
4091,KING STREET SOUTH
4092,MOUNT ARGUS GREEN
4093,DONNYBROOK COURT
4094,NEWGROVE AVENUE
4095,BELTON PARK AVENUE
4096,SAINT LAWRENCE ROAD
4097,THE SQUARE
4098,SYCAMORE ROAD
4099,APOLLO WAY
4100,VERNON GARDENS
4101,WASDALE PARK
4102,CLYDE ROAD
4103,ELM MOUNT CRESCENT
4104,LORCAN AVENUE
4105,CLONSKEAGH ROAD
4106,ISLAND VIEW COURT
4107,DOLLYMOUNT AVENUE
4108,GREENWOOD LAWN
4109,HENRY STREET
4110,SANDYMOUNT GREEN
4111,NORTHUMBERLAND ROAD
4112,EAST LINK BRIDGE
4113,GLASANAON COURT
4114,WELLPARK AVENUE
4115,MESPIL ROAD
4116,CLANBRASSIL TERRACE
4117,MARINO MART
4118,CLANCARTHY COURT
4119,PARKGATE STREET
4120,GEORGE'S QUAY
4121,SANDFORD GARDENS
4122,SAINT BARNABAS GARDENS
4123,THE COOMBE
4124,HOGAN COURT
4125,LONG MILE ROAD
4126,BYRNES LANE WEST
4127,XAVIER AVENUE
4128,ESMOND AVENUE
4129,JAMES'S STREET
4130,MERCHANT'S ARCH
4131,GARVILLE MEWS
4132,SHANTALLA ROAD
4133,JAMES STREET EAST
4134,SAINT MARY'S ROAD
4135,SAINT CATHERINE'S AVENUE
4136,SUNBURY GARDENS
4137,PARNELL AVENUE
4138,STEPHEN'S PLACE
4139,SHANTALLA PARK
4140,MELLOWES ROAD
4141,CATHEDRAL VIEW WALK
4142,BLADDER ALLEY
4143,LURGAN STREET
4144,CARNDONAGH DRIVE
4145,DROMARD TERRACE
4146,LEESON PARK
4147,SAINT MARYS DRIVE
4148,BRABAZON PLACE
4149,HOWTH ROAD
4150,ANNAMOE DRIVE
4151,CLAREMONT LAWN
4152,GARDINER STREET LOWER
4153,KILKIERAN COURT
4154,SAINT PATRICK'S TERRACE
4155,DUKE STREET
4156,EAST WALL ROAD
4157,COLLINS AVENUE WEST
4158,CALEDON ROAD
4159,RANELAGH
4160,CAVENDISH ROW
