1,email1@gmail.com,name 1,surname 1,second_name 1,city 1
2,email2@gmail.com,name 2,surname 2,second_name 2,city 2
3,email3@gmail.com,name 3,surname 3,second_name 3,city 3
4,email4@gmail.com,name 4,surname 4,second_name 4,city 4
5,email5@gmail.com,name 5,surname 5,second_name 5,city 5
6,email6@gmail.com,name 6,surname 6,second_name 6,city 6
7,email7@gmail.com,name 7,surname 7,second_name 7,city 7
8,email8@gmail.com,name 8,surname 8,second_name 8,city 8
9,email9@gmail.com,name 9,surname 9,second_name 9,city 9
10,email10@gmail.com,name 10,surname 10,second_name 10,city 10
11,email11@gmail.com,name 11,surname 11,second_name 11,city 11
12,email12@gmail.com,name 12,surname 12,second_name 12,city 12
13,email13@gmail.com,name 13,surname 13,second_name 13,city 13
14,email14@gmail.com,name 14,surname 14,second_name 14,city 14
15,email15@gmail.com,name 15,surname 15,second_name 15,city 15
16,email16@gmail.com,name 16,surname 16,second_name 16,city 16
17,email17@gmail.com,name 17,surname 17,second_name 17,city 17
18,email18@gmail.com,name 18,surname 18,second_name 18,city 18
19,email19@gmail.com,name 19,surname 19,second_name 19,city 19
20,email20@gmail.com,name 20,surname 20,second_name 20,city 20
21,email21@gmail.com,name 21,surname 21,second_name 21,city 21
22,email22@gmail.com,name 22,surname 22,second_name 22,city 22
23,email23@gmail.com,name 23,surname 23,second_name 23,city 23
24,email24@gmail.com,name 24,surname 24,second_name 24,city 24
25,email25@gmail.com,name 25,surname 25,second_name 25,city 25
26,email26@gmail.com,name 26,surname 26,second_name 26,city 26
27,email27@gmail.com,name 27,surname 27,second_name 27,city 27
28,email28@gmail.com,name 28,surname 28,second_name 28,city 28
29,email29@gmail.com,name 29,surname 29,second_name 29,city 29
30,email30@gmail.com,name 30,surname 30,second_name 30,city 30
31,email31@gmail.com,name 31,surname 31,second_name 31,city 31
32,email32@gmail.com,name 32,surname 32,second_name 32,city 32
33,email33@gmail.com,name 33,surname 33,second_name 33,city 33
34,email34@gmail.com,name 34,surname 34,second_name 34,city 34
35,email35@gmail.com,name 35,surname 35,second_name 35,city 35
36,email36@gmail.com,name 36,surname 36,second_name 36,city 36
37,email37@gmail.com,name 37,surname 37,second_name 37,city 37
38,email38@gmail.com,name 38,surname 38,second_name 38,city 38
39,email39@gmail.com,name 39,surname 39,second_name 39,city 39
40,email40@gmail.com,name 40,surname 40,second_name 40,city 40
41,email41@gmail.com,name 41,surname 41,second_name 41,city 41
42,email42@gmail.com,name 42,surname 42,second_name 42,city 42
43,email43@gmail.com,name 43,surname 43,second_name 43,city 43
44,email44@gmail.com,name 44,surname 44,second_name 44,city 44
45,email45@gmail.com,name 45,surname 45,second_name 45,city 45
46,email46@gmail.com,name 46,surname 46,second_name 46,city 46
47,email47@gmail.com,name 47,surname 47,second_name 47,city 47
48,email48@gmail.com,name 48,surname 48,second_name 48,city 48
49,email49@gmail.com,name 49,surname 49,second_name 49,city 49
50,email50@gmail.com,name 50,surname 50,second_name 50,city 50
51,email51@gmail.com,name 51,surname 51,second_name 51,city 51
52,email52@gmail.com,name 52,surname 52,second_name 52,city 52
53,email53@gmail.com,name 53,surname 53,second_name 53,city 53
54,email54@gmail.com,name 54,surname 54,second_name 54,city 54
55,email55@gmail.com,name 55,surname 55,second_name 55,city 55
56,email56@gmail.com,name 56,surname 56,second_name 56,city 56
57,email57@gmail.com,name 57,surname 57,second_name 57,city 57
58,email58@gmail.com,name 58,surname 58,second_name 58,city 58
59,email59@gmail.com,name 59,surname 59,second_name 59,city 59
60,email60@gmail.com,name 60,surname 60,second_name 60,city 60
61,email61@gmail.com,name 61,surname 61,second_name 61,city 61
62,email62@gmail.com,name 62,surname 62,second_name 62,city 62
63,email63@gmail.com,name 63,surname 63,second_name 63,city 63
64,email64@gmail.com,name 64,surname 64,second_name 64,city 64
65,email65@gmail.com,name 65,surname 65,second_name 65,city 65
66,email66@gmail.com,name 66,surname 66,second_name 66,city 66
67,email67@gmail.com,name 67,surname 67,second_name 67,city 67
68,email68@gmail.com,name 68,surname 68,second_name 68,city 68
69,email69@gmail.com,name 69,surname 69,second_name 69,city 69
70,email70@gmail.com,name 70,surname 70,second_name 70,city 70
71,email71@gmail.com,name 71,surname 71,second_name 71,city 71
72,email72@gmail.com,name 72,surname 72,second_name 72,city 72
73,email73@gmail.com,name 73,surname 73,second_name 73,city 73
74,email74@gmail.com,name 74,surname 74,second_name 74,city 74
75,email75@gmail.com,name 75,surname 75,second_name 75,city 75
76,email76@gmail.com,name 76,surname 76,second_name 76,city 76
77,email77@gmail.com,name 77,surname 77,second_name 77,city 77
78,email78@gmail.com,name 78,surname 78,second_name 78,city 78
79,email79@gmail.com,name 79,surname 79,second_name 79,city 79
80,email80@gmail.com,name 80,surname 80,second_name 80,city 80
81,email81@gmail.com,name 81,surname 81,second_name 81,city 81
82,email82@gmail.com,name 82,surname 82,second_name 82,city 82
83,email83@gmail.com,name 83,surname 83,second_name 83,city 83
84,email84@gmail.com,name 84,surname 84,second_name 84,city 84
85,email85@gmail.com,name 85,surname 85,second_name 85,city 85
86,email86@gmail.com,name 86,surname 86,second_name 86,city 86
87,email87@gmail.com,name 87,surname 87,second_name 87,city 87
88,email88@gmail.com,name 88,surname 88,second_name 88,city 88
89,email89@gmail.com,name 89,surname 89,second_name 89,city 89
90,email90@gmail.com,name 90,surname 90,second_name 90,city 90
91,email91@gmail.com,name 91,surname 91,second_name 91,city 91
92,email92@gmail.com,name 92,surname 92,second_name 92,city 92
93,email93@gmail.com,name 93,surname 93,second_name 93,city 93
94,email94@gmail.com,name 94,surname 94,second_name 94,city 94
95,email95@gmail.com,name 95,surname 95,second_name 95,city 95
96,email96@gmail.com,name 96,surname 96,second_name 96,city 96
97,email97@gmail.com,name 97,surname 97,second_name 97,city 97
98,email98@gmail.com,name 98,surname 98,second_name 98,city 98
99,email99@gmail.com,name 99,surname 99,second_name 99,city 99
100,email100@gmail.com,name 100,surname 100,second_name 100,city 100
101,email101@gmail.com,name 101,surname 101,second_name 101,city 101
102,email102@gmail.com,name 102,surname 102,second_name 102,city 102
103,email103@gmail.com,name 103,surname 103,second_name 103,city 103
104,email104@gmail.com,name 104,surname 104,second_name 104,city 104
105,email105@gmail.com,name 105,surname 105,second_name 105,city 105
106,email106@gmail.com,name 106,surname 106,second_name 106,city 106
107,email107@gmail.com,name 107,surname 107,second_name 107,city 107
108,email108@gmail.com,name 108,surname 108,second_name 108,city 108
109,email109@gmail.com,name 109,surname 109,second_name 109,city 109
110,email110@gmail.com,name 110,surname 110,second_name 110,city 110
111,email111@gmail.com,name 111,surname 111,second_name 111,city 111
112,email112@gmail.com,name 112,surname 112,second_name 112,city 112
113,email113@gmail.com,name 113,surname 113,second_name 113,city 113
114,email114@gmail.com,name 114,surname 114,second_name 114,city 114
115,email115@gmail.com,name 115,surname 115,second_name 115,city 115
116,email116@gmail.com,name 116,surname 116,second_name 116,city 116
117,email117@gmail.com,name 117,surname 117,second_name 117,city 117
118,email118@gmail.com,name 118,surname 118,second_name 118,city 118
119,email119@gmail.com,name 119,surname 119,second_name 119,city 119
120,email120@gmail.com,name 120,surname 120,second_name 120,city 120
121,email121@gmail.com,name 121,surname 121,second_name 121,city 121
122,email122@gmail.com,name 122,surname 122,second_name 122,city 122
123,email123@gmail.com,name 123,surname 123,second_name 123,city 123
124,email124@gmail.com,name 124,surname 124,second_name 124,city 124
125,email125@gmail.com,name 125,surname 125,second_name 125,city 125
126,email126@gmail.com,name 126,surname 126,second_name 126,city 126
127,email127@gmail.com,name 127,surname 127,second_name 127,city 127
128,email128@gmail.com,name 128,surname 128,second_name 128,city 128
129,email129@gmail.com,name 129,surname 129,second_name 129,city 129
130,email130@gmail.com,name 130,surname 130,second_name 130,city 130
131,email131@gmail.com,name 131,surname 131,second_name 131,city 131
132,email132@gmail.com,name 132,surname 132,second_name 132,city 132
133,email133@gmail.com,name 133,surname 133,second_name 133,city 133
134,email134@gmail.com,name 134,surname 134,second_name 134,city 134
135,email135@gmail.com,name 135,surname 135,second_name 135,city 135
136,email136@gmail.com,name 136,surname 136,second_name 136,city 136
137,email137@gmail.com,name 137,surname 137,second_name 137,city 137
138,email138@gmail.com,name 138,surname 138,second_name 138,city 138
139,email139@gmail.com,name 139,surname 139,second_name 139,city 139
140,email140@gmail.com,name 140,surname 140,second_name 140,city 140
141,email141@gmail.com,name 141,surname 141,second_name 141,city 141
142,email142@gmail.com,name 142,surname 142,second_name 142,city 142
143,email143@gmail.com,name 143,surname 143,second_name 143,city 143
144,email144@gmail.com,name 144,surname 144,second_name 144,city 144
145,email145@gmail.com,name 145,surname 145,second_name 145,city 145
146,email146@gmail.com,name 146,surname 146,second_name 146,city 146
147,email147@gmail.com,name 147,surname 147,second_name 147,city 147
148,email148@gmail.com,name 148,surname 148,second_name 148,city 148
149,email149@gmail.com,name 149,surname 149,second_name 149,city 149
150,email150@gmail.com,name 150,surname 150,second_name 150,city 150
151,email151@gmail.com,name 151,surname 151,second_name 151,city 151
152,email152@gmail.com,name 152,surname 152,second_name 152,city 152
153,email153@gmail.com,name 153,surname 153,second_name 153,city 153
154,email154@gmail.com,name 154,surname 154,second_name 154,city 154
155,email155@gmail.com,name 155,surname 155,second_name 155,city 155
156,email156@gmail.com,name 156,surname 156,second_name 156,city 156
157,email157@gmail.com,name 157,surname 157,second_name 157,city 157
158,email158@gmail.com,name 158,surname 158,second_name 158,city 158
159,email159@gmail.com,name 159,surname 159,second_name 159,city 159
160,email160@gmail.com,name 160,surname 160,second_name 160,city 160
161,email161@gmail.com,name 161,surname 161,second_name 161,city 161
162,email162@gmail.com,name 162,surname 162,second_name 162,city 162
163,email163@gmail.com,name 163,surname 163,second_name 163,city 163
164,email164@gmail.com,name 164,surname 164,second_name 164,city 164
165,email165@gmail.com,name 165,surname 165,second_name 165,city 165
166,email166@gmail.com,name 166,surname 166,second_name 166,city 166
167,email167@gmail.com,name 167,surname 167,second_name 167,city 167
168,email168@gmail.com,name 168,surname 168,second_name 168,city 168
169,email169@gmail.com,name 169,surname 169,second_name 169,city 169
170,email170@gmail.com,name 170,surname 170,second_name 170,city 170
171,email171@gmail.com,name 171,surname 171,second_name 171,city 171
172,email172@gmail.com,name 172,surname 172,second_name 172,city 172
173,email173@gmail.com,name 173,surname 173,second_name 173,city 173
174,email174@gmail.com,name 174,surname 174,second_name 174,city 174
175,email175@gmail.com,name 175,surname 175,second_name 175,city 175
176,email176@gmail.com,name 176,surname 176,second_name 176,city 176
177,email177@gmail.com,name 177,surname 177,second_name 177,city 177
178,email178@gmail.com,name 178,surname 178,second_name 178,city 178
179,email179@gmail.com,name 179,surname 179,second_name 179,city 179
180,email180@gmail.com,name 180,surname 180,second_name 180,city 180
181,email181@gmail.com,name 181,surname 181,second_name 181,city 181
182,email182@gmail.com,name 182,surname 182,second_name 182,city 182
183,email183@gmail.com,name 183,surname 183,second_name 183,city 183
184,email184@gmail.com,name 184,surname 184,second_name 184,city 184
185,email185@gmail.com,name 185,surname 185,second_name 185,city 185
186,email186@gmail.com,name 186,surname 186,second_name 186,city 186
187,email187@gmail.com,name 187,surname 187,second_name 187,city 187
188,email188@gmail.com,name 188,surname 188,second_name 188,city 188
189,email189@gmail.com,name 189,surname 189,second_name 189,city 189
190,email190@gmail.com,name 190,surname 190,second_name 190,city 190
191,email191@gmail.com,name 191,surname 191,second_name 191,city 191
192,email192@gmail.com,name 192,surname 192,second_name 192,city 192
193,email193@gmail.com,name 193,surname 193,second_name 193,city 193
194,email194@gmail.com,name 194,surname 194,second_name 194,city 194
195,email195@gmail.com,name 195,surname 195,second_name 195,city 195
196,email196@gmail.com,name 196,surname 196,second_name 196,city 196
197,email197@gmail.com,name 197,surname 197,second_name 197,city 197
198,email198@gmail.com,name 198,surname 198,second_name 198,city 198
199,email199@gmail.com,name 199,surname 199,second_name 199,city 199
200,email200@gmail.com,name 200,surname 200,second_name 200,city 200
201,email201@gmail.com,name 201,surname 201,second_name 201,city 201
202,email202@gmail.com,name 202,surname 202,second_name 202,city 202
203,email203@gmail.com,name 203,surname 203,second_name 203,city 203
204,email204@gmail.com,name 204,surname 204,second_name 204,city 204
205,email205@gmail.com,name 205,surname 205,second_name 205,city 205
206,email206@gmail.com,name 206,surname 206,second_name 206,city 206
207,email207@gmail.com,name 207,surname 207,second_name 207,city 207
208,email208@gmail.com,name 208,surname 208,second_name 208,city 208
209,email209@gmail.com,name 209,surname 209,second_name 209,city 209
210,email210@gmail.com,name 210,surname 210,second_name 210,city 210
211,email211@gmail.com,name 211,surname 211,second_name 211,city 211
212,email212@gmail.com,name 212,surname 212,second_name 212,city 212
213,email213@gmail.com,name 213,surname 213,second_name 213,city 213
214,email214@gmail.com,name 214,surname 214,second_name 214,city 214
215,email215@gmail.com,name 215,surname 215,second_name 215,city 215
216,email216@gmail.com,name 216,surname 216,second_name 216,city 216
217,email217@gmail.com,name 217,surname 217,second_name 217,city 217
218,email218@gmail.com,name 218,surname 218,second_name 218,city 218
219,email219@gmail.com,name 219,surname 219,second_name 219,city 219
220,email220@gmail.com,name 220,surname 220,second_name 220,city 220
221,email221@gmail.com,name 221,surname 221,second_name 221,city 221
222,email222@gmail.com,name 222,surname 222,second_name 222,city 222
223,email223@gmail.com,name 223,surname 223,second_name 223,city 223
224,email224@gmail.com,name 224,surname 224,second_name 224,city 224
225,email225@gmail.com,name 225,surname 225,second_name 225,city 225
226,email226@gmail.com,name 226,surname 226,second_name 226,city 226
227,email227@gmail.com,name 227,surname 227,second_name 227,city 227
228,email228@gmail.com,name 228,surname 228,second_name 228,city 228
229,email229@gmail.com,name 229,surname 229,second_name 229,city 229
230,email230@gmail.com,name 230,surname 230,second_name 230,city 230
231,email231@gmail.com,name 231,surname 231,second_name 231,city 231
232,email232@gmail.com,name 232,surname 232,second_name 232,city 232
233,email233@gmail.com,name 233,surname 233,second_name 233,city 233
234,email234@gmail.com,name 234,surname 234,second_name 234,city 234
235,email235@gmail.com,name 235,surname 235,second_name 235,city 235
236,email236@gmail.com,name 236,surname 236,second_name 236,city 236
237,email237@gmail.com,name 237,surname 237,second_name 237,city 237
238,email238@gmail.com,name 238,surname 238,second_name 238,city 238
239,email239@gmail.com,name 239,surname 239,second_name 239,city 239
240,email240@gmail.com,name 240,surname 240,second_name 240,city 240
241,email241@gmail.com,name 241,surname 241,second_name 241,city 241
242,email242@gmail.com,name 242,surname 242,second_name 242,city 242
243,email243@gmail.com,name 243,surname 243,second_name 243,city 243
244,email244@gmail.com,name 244,surname 244,second_name 244,city 244
245,email245@gmail.com,name 245,surname 245,second_name 245,city 245
246,email246@gmail.com,name 246,surname 246,second_name 246,city 246
247,email247@gmail.com,name 247,surname 247,second_name 247,city 247
248,email248@gmail.com,name 248,surname 248,second_name 248,city 248
249,email249@gmail.com,name 249,surname 249,second_name 249,city 249
250,email250@gmail.com,name 250,surname 250,second_name 250,city 250
251,email251@gmail.com,name 251,surname 251,second_name 251,city 251
252,email252@gmail.com,name 252,surname 252,second_name 252,city 252
253,email253@gmail.com,name 253,surname 253,second_name 253,city 253
254,email254@gmail.com,name 254,surname 254,second_name 254,city 254
255,email255@gmail.com,name 255,surname 255,second_name 255,city 255
256,email256@gmail.com,name 256,surname 256,second_name 256,city 256
257,email257@gmail.com,name 257,surname 257,second_name 257,city 257
258,email258@gmail.com,name 258,surname 258,second_name 258,city 258
259,email259@gmail.com,name 259,surname 259,second_name 259,city 259
260,email260@gmail.com,name 260,surname 260,second_name 260,city 260
261,email261@gmail.com,name 261,surname 261,second_name 261,city 261
262,email262@gmail.com,name 262,surname 262,second_name 262,city 262
263,email263@gmail.com,name 263,surname 263,second_name 263,city 263
264,email264@gmail.com,name 264,surname 264,second_name 264,city 264
265,email265@gmail.com,name 265,surname 265,second_name 265,city 265
266,email266@gmail.com,name 266,surname 266,second_name 266,city 266
267,email267@gmail.com,name 267,surname 267,second_name 267,city 267
268,email268@gmail.com,name 268,surname 268,second_name 268,city 268
269,email269@gmail.com,name 269,surname 269,second_name 269,city 269
270,email270@gmail.com,name 270,surname 270,second_name 270,city 270
271,email271@gmail.com,name 271,surname 271,second_name 271,city 271
272,email272@gmail.com,name 272,surname 272,second_name 272,city 272
273,email273@gmail.com,name 273,surname 273,second_name 273,city 273
274,email274@gmail.com,name 274,surname 274,second_name 274,city 274
275,email275@gmail.com,name 275,surname 275,second_name 275,city 275
276,email276@gmail.com,name 276,surname 276,second_name 276,city 276
277,email277@gmail.com,name 277,surname 277,second_name 277,city 277
278,email278@gmail.com,name 278,surname 278,second_name 278,city 278
279,email279@gmail.com,name 279,surname 279,second_name 279,city 279
280,email280@gmail.com,name 280,surname 280,second_name 280,city 280
281,email281@gmail.com,name 281,surname 281,second_name 281,city 281
282,email282@gmail.com,name 282,surname 282,second_name 282,city 282
283,email283@gmail.com,name 283,surname 283,second_name 283,city 283
284,email284@gmail.com,name 284,surname 284,second_name 284,city 284
285,email285@gmail.com,name 285,surname 285,second_name 285,city 285
286,email286@gmail.com,name 286,surname 286,second_name 286,city 286
287,email287@gmail.com,name 287,surname 287,second_name 287,city 287
288,email288@gmail.com,name 288,surname 288,second_name 288,city 288
289,email289@gmail.com,name 289,surname 289,second_name 289,city 289
290,email290@gmail.com,name 290,surname 290,second_name 290,city 290
291,email291@gmail.com,name 291,surname 291,second_name 291,city 291
292,email292@gmail.com,name 292,surname 292,second_name 292,city 292
293,email293@gmail.com,name 293,surname 293,second_name 293,city 293
294,email294@gmail.com,name 294,surname 294,second_name 294,city 294
295,email295@gmail.com,name 295,surname 295,second_name 295,city 295
296,email296@gmail.com,name 296,surname 296,second_name 296,city 296
297,email297@gmail.com,name 297,surname 297,second_name 297,city 297
298,email298@gmail.com,name 298,surname 298,second_name 298,city 298
299,email299@gmail.com,name 299,surname 299,second_name 299,city 299
300,email300@gmail.com,name 300,surname 300,second_name 300,city 300
301,email301@gmail.com,name 301,surname 301,second_name 301,city 301
302,email302@gmail.com,name 302,surname 302,second_name 302,city 302
303,email303@gmail.com,name 303,surname 303,second_name 303,city 303
304,email304@gmail.com,name 304,surname 304,second_name 304,city 304
305,email305@gmail.com,name 305,surname 305,second_name 305,city 305
306,email306@gmail.com,name 306,surname 306,second_name 306,city 306
307,email307@gmail.com,name 307,surname 307,second_name 307,city 307
308,email308@gmail.com,name 308,surname 308,second_name 308,city 308
309,email309@gmail.com,name 309,surname 309,second_name 309,city 309
310,email310@gmail.com,name 310,surname 310,second_name 310,city 310
311,email311@gmail.com,name 311,surname 311,second_name 311,city 311
312,email312@gmail.com,name 312,surname 312,second_name 312,city 312
313,email313@gmail.com,name 313,surname 313,second_name 313,city 313
314,email314@gmail.com,name 314,surname 314,second_name 314,city 314
315,email315@gmail.com,name 315,surname 315,second_name 315,city 315
316,email316@gmail.com,name 316,surname 316,second_name 316,city 316
317,email317@gmail.com,name 317,surname 317,second_name 317,city 317
318,email318@gmail.com,name 318,surname 318,second_name 318,city 318
319,email319@gmail.com,name 319,surname 319,second_name 319,city 319
320,email320@gmail.com,name 320,surname 320,second_name 320,city 320
321,email321@gmail.com,name 321,surname 321,second_name 321,city 321
322,email322@gmail.com,name 322,surname 322,second_name 322,city 322
323,email323@gmail.com,name 323,surname 323,second_name 323,city 323
324,email324@gmail.com,name 324,surname 324,second_name 324,city 324
325,email325@gmail.com,name 325,surname 325,second_name 325,city 325
326,email326@gmail.com,name 326,surname 326,second_name 326,city 326
327,email327@gmail.com,name 327,surname 327,second_name 327,city 327
328,email328@gmail.com,name 328,surname 328,second_name 328,city 328
329,email329@gmail.com,name 329,surname 329,second_name 329,city 329
330,email330@gmail.com,name 330,surname 330,second_name 330,city 330
331,email331@gmail.com,name 331,surname 331,second_name 331,city 331
332,email332@gmail.com,name 332,surname 332,second_name 332,city 332
333,email333@gmail.com,name 333,surname 333,second_name 333,city 333
334,email334@gmail.com,name 334,surname 334,second_name 334,city 334
335,email335@gmail.com,name 335,surname 335,second_name 335,city 335
336,email336@gmail.com,name 336,surname 336,second_name 336,city 336
337,email337@gmail.com,name 337,surname 337,second_name 337,city 337
338,email338@gmail.com,name 338,surname 338,second_name 338,city 338
339,email339@gmail.com,name 339,surname 339,second_name 339,city 339
340,email340@gmail.com,name 340,surname 340,second_name 340,city 340
341,email341@gmail.com,name 341,surname 341,second_name 341,city 341
342,email342@gmail.com,name 342,surname 342,second_name 342,city 342
343,email343@gmail.com,name 343,surname 343,second_name 343,city 343
344,email344@gmail.com,name 344,surname 344,second_name 344,city 344
345,email345@gmail.com,name 345,surname 345,second_name 345,city 345
346,email346@gmail.com,name 346,surname 346,second_name 346,city 346
347,email347@gmail.com,name 347,surname 347,second_name 347,city 347
348,email348@gmail.com,name 348,surname 348,second_name 348,city 348
349,email349@gmail.com,name 349,surname 349,second_name 349,city 349
350,email350@gmail.com,name 350,surname 350,second_name 350,city 350
351,email351@gmail.com,name 351,surname 351,second_name 351,city 351
352,email352@gmail.com,name 352,surname 352,second_name 352,city 352
353,email353@gmail.com,name 353,surname 353,second_name 353,city 353
354,email354@gmail.com,name 354,surname 354,second_name 354,city 354
355,email355@gmail.com,name 355,surname 355,second_name 355,city 355
356,email356@gmail.com,name 356,surname 356,second_name 356,city 356
357,email357@gmail.com,name 357,surname 357,second_name 357,city 357
358,email358@gmail.com,name 358,surname 358,second_name 358,city 358
359,email359@gmail.com,name 359,surname 359,second_name 359,city 359
360,email360@gmail.com,name 360,surname 360,second_name 360,city 360
361,email361@gmail.com,name 361,surname 361,second_name 361,city 361
362,email362@gmail.com,name 362,surname 362,second_name 362,city 362
363,email363@gmail.com,name 363,surname 363,second_name 363,city 363
364,email364@gmail.com,name 364,surname 364,second_name 364,city 364
365,email365@gmail.com,name 365,surname 365,second_name 365,city 365
366,email366@gmail.com,name 366,surname 366,second_name 366,city 366
367,email367@gmail.com,name 367,surname 367,second_name 367,city 367
368,email368@gmail.com,name 368,surname 368,second_name 368,city 368
369,email369@gmail.com,name 369,surname 369,second_name 369,city 369
370,email370@gmail.com,name 370,surname 370,second_name 370,city 370
371,email371@gmail.com,name 371,surname 371,second_name 371,city 371
372,email372@gmail.com,name 372,surname 372,second_name 372,city 372
373,email373@gmail.com,name 373,surname 373,second_name 373,city 373
374,email374@gmail.com,name 374,surname 374,second_name 374,city 374
375,email375@gmail.com,name 375,surname 375,second_name 375,city 375
376,email376@gmail.com,name 376,surname 376,second_name 376,city 376
377,email377@gmail.com,name 377,surname 377,second_name 377,city 377
378,email378@gmail.com,name 378,surname 378,second_name 378,city 378
379,email379@gmail.com,name 379,surname 379,second_name 379,city 379
380,email380@gmail.com,name 380,surname 380,second_name 380,city 380
381,email381@gmail.com,name 381,surname 381,second_name 381,city 381
382,email382@gmail.com,name 382,surname 382,second_name 382,city 382
383,email383@gmail.com,name 383,surname 383,second_name 383,city 383
384,email384@gmail.com,name 384,surname 384,second_name 384,city 384
385,email385@gmail.com,name 385,surname 385,second_name 385,city 385
386,email386@gmail.com,name 386,surname 386,second_name 386,city 386
387,email387@gmail.com,name 387,surname 387,second_name 387,city 387
388,email388@gmail.com,name 388,surname 388,second_name 388,city 388
389,email389@gmail.com,name 389,surname 389,second_name 389,city 389
390,email390@gmail.com,name 390,surname 390,second_name 390,city 390
391,email391@gmail.com,name 391,surname 391,second_name 391,city 391
392,email392@gmail.com,name 392,surname 392,second_name 392,city 392
393,email393@gmail.com,name 393,surname 393,second_name 393,city 393
394,email394@gmail.com,name 394,surname 394,second_name 394,city 394
395,email395@gmail.com,name 395,surname 395,second_name 395,city 395
396,email396@gmail.com,name 396,surname 396,second_name 396,city 396
397,email397@gmail.com,name 397,surname 397,second_name 397,city 397
398,email398@gmail.com,name 398,surname 398,second_name 398,city 398
399,email399@gmail.com,name 399,surname 399,second_name 399,city 399
400,email400@gmail.com,name 400,surname 400,second_name 400,city 400
401,email401@gmail.com,name 401,surname 401,second_name 401,city 401
402,email402@gmail.com,name 402,surname 402,second_name 402,city 402
403,email403@gmail.com,name 403,surname 403,second_name 403,city 403
404,email404@gmail.com,name 404,surname 404,second_name 404,city 404
405,email405@gmail.com,name 405,surname 405,second_name 405,city 405
406,email406@gmail.com,name 406,surname 406,second_name 406,city 406
407,email407@gmail.com,name 407,surname 407,second_name 407,city 407
408,email408@gmail.com,name 408,surname 408,second_name 408,city 408
409,email409@gmail.com,name 409,surname 409,second_name 409,city 409
410,email410@gmail.com,name 410,surname 410,second_name 410,city 410
411,email411@gmail.com,name 411,surname 411,second_name 411,city 411
412,email412@gmail.com,name 412,surname 412,second_name 412,city 412
413,email413@gmail.com,name 413,surname 413,second_name 413,city 413
414,email414@gmail.com,name 414,surname 414,second_name 414,city 414
415,email415@gmail.com,name 415,surname 415,second_name 415,city 415
416,email416@gmail.com,name 416,surname 416,second_name 416,city 416
417,email417@gmail.com,name 417,surname 417,second_name 417,city 417
418,email418@gmail.com,name 418,surname 418,second_name 418,city 418
419,email419@gmail.com,name 419,surname 419,second_name 419,city 419
420,email420@gmail.com,name 420,surname 420,second_name 420,city 420
421,email421@gmail.com,name 421,surname 421,second_name 421,city 421
422,email422@gmail.com,name 422,surname 422,second_name 422,city 422
423,email423@gmail.com,name 423,surname 423,second_name 423,city 423
424,email424@gmail.com,name 424,surname 424,second_name 424,city 424
425,email425@gmail.com,name 425,surname 425,second_name 425,city 425
426,email426@gmail.com,name 426,surname 426,second_name 426,city 426
427,email427@gmail.com,name 427,surname 427,second_name 427,city 427
428,email428@gmail.com,name 428,surname 428,second_name 428,city 428
429,email429@gmail.com,name 429,surname 429,second_name 429,city 429
430,email430@gmail.com,name 430,surname 430,second_name 430,city 430
431,email431@gmail.com,name 431,surname 431,second_name 431,city 431
432,email432@gmail.com,name 432,surname 432,second_name 432,city 432
433,email433@gmail.com,name 433,surname 433,second_name 433,city 433
434,email434@gmail.com,name 434,surname 434,second_name 434,city 434
435,email435@gmail.com,name 435,surname 435,second_name 435,city 435
436,email436@gmail.com,name 436,surname 436,second_name 436,city 436
437,email437@gmail.com,name 437,surname 437,second_name 437,city 437
438,email438@gmail.com,name 438,surname 438,second_name 438,city 438
439,email439@gmail.com,name 439,surname 439,second_name 439,city 439
440,email440@gmail.com,name 440,surname 440,second_name 440,city 440
441,email441@gmail.com,name 441,surname 441,second_name 441,city 441
442,email442@gmail.com,name 442,surname 442,second_name 442,city 442
443,email443@gmail.com,name 443,surname 443,second_name 443,city 443
444,email444@gmail.com,name 444,surname 444,second_name 444,city 444
445,email445@gmail.com,name 445,surname 445,second_name 445,city 445
446,email446@gmail.com,name 446,surname 446,second_name 446,city 446
447,email447@gmail.com,name 447,surname 447,second_name 447,city 447
448,email448@gmail.com,name 448,surname 448,second_name 448,city 448
449,email449@gmail.com,name 449,surname 449,second_name 449,city 449
450,email450@gmail.com,name 450,surname 450,second_name 450,city 450
451,email451@gmail.com,name 451,surname 451,second_name 451,city 451
452,email452@gmail.com,name 452,surname 452,second_name 452,city 452
453,email453@gmail.com,name 453,surname 453,second_name 453,city 453
454,email454@gmail.com,name 454,surname 454,second_name 454,city 454
455,email455@gmail.com,name 455,surname 455,second_name 455,city 455
456,email456@gmail.com,name 456,surname 456,second_name 456,city 456
457,email457@gmail.com,name 457,surname 457,second_name 457,city 457
458,email458@gmail.com,name 458,surname 458,second_name 458,city 458
459,email459@gmail.com,name 459,surname 459,second_name 459,city 459
460,email460@gmail.com,name 460,surname 460,second_name 460,city 460
461,email461@gmail.com,name 461,surname 461,second_name 461,city 461
462,email462@gmail.com,name 462,surname 462,second_name 462,city 462
463,email463@gmail.com,name 463,surname 463,second_name 463,city 463
464,email464@gmail.com,name 464,surname 464,second_name 464,city 464
465,email465@gmail.com,name 465,surname 465,second_name 465,city 465
466,email466@gmail.com,name 466,surname 466,second_name 466,city 466
467,email467@gmail.com,name 467,surname 467,second_name 467,city 467
468,email468@gmail.com,name 468,surname 468,second_name 468,city 468
469,email469@gmail.com,name 469,surname 469,second_name 469,city 469
470,email470@gmail.com,name 470,surname 470,second_name 470,city 470
471,email471@gmail.com,name 471,surname 471,second_name 471,city 471
472,email472@gmail.com,name 472,surname 472,second_name 472,city 472
473,email473@gmail.com,name 473,surname 473,second_name 473,city 473
474,email474@gmail.com,name 474,surname 474,second_name 474,city 474
475,email475@gmail.com,name 475,surname 475,second_name 475,city 475
476,email476@gmail.com,name 476,surname 476,second_name 476,city 476
477,email477@gmail.com,name 477,surname 477,second_name 477,city 477
478,email478@gmail.com,name 478,surname 478,second_name 478,city 478
479,email479@gmail.com,name 479,surname 479,second_name 479,city 479
480,email480@gmail.com,name 480,surname 480,second_name 480,city 480
481,email481@gmail.com,name 481,surname 481,second_name 481,city 481
482,email482@gmail.com,name 482,surname 482,second_name 482,city 482
483,email483@gmail.com,name 483,surname 483,second_name 483,city 483
484,email484@gmail.com,name 484,surname 484,second_name 484,city 484
485,email485@gmail.com,name 485,surname 485,second_name 485,city 485
486,email486@gmail.com,name 486,surname 486,second_name 486,city 486
487,email487@gmail.com,name 487,surname 487,second_name 487,city 487
488,email488@gmail.com,name 488,surname 488,second_name 488,city 488
489,email489@gmail.com,name 489,surname 489,second_name 489,city 489
490,email490@gmail.com,name 490,surname 490,second_name 490,city 490
491,email491@gmail.com,name 491,surname 491,second_name 491,city 491
492,email492@gmail.com,name 492,surname 492,second_name 492,city 492
493,email493@gmail.com,name 493,surname 493,second_name 493,city 493
494,email494@gmail.com,name 494,surname 494,second_name 494,city 494
495,email495@gmail.com,name 495,surname 495,second_name 495,city 495
496,email496@gmail.com,name 496,surname 496,second_name 496,city 496
497,email497@gmail.com,name 497,surname 497,second_name 497,city 497
498,email498@gmail.com,name 498,surname 498,second_name 498,city 498
499,email499@gmail.com,name 499,surname 499,second_name 499,city 499
500,email500@gmail.com,name 500,surname 500,second_name 500,city 500
